/*
Navicat MySQL Data Transfer

Source Server         : crm
Source Server Version : 50527
Source Host           : 127.0.0.1:3306
Source Database       : mzqx

Target Server Type    : MYSQL
Target Server Version : 50527
File Encoding         : 65001

Date: 2017-09-24 20:51:20
*/

SET FOREIGN_KEY_CHECKS=0;

-- ----------------------------
-- Table structure for jbpm4_deployment
-- ----------------------------
DROP TABLE IF EXISTS `jbpm4_deployment`;
CREATE TABLE `jbpm4_deployment` (
  `dbid_` decimal(19,0) NOT NULL,
  `name_` varchar(1000) DEFAULT NULL,
  `timestamp_` decimal(19,0) DEFAULT NULL,
  `state_` varchar(255) DEFAULT NULL,
  PRIMARY KEY (`dbid_`)
) ENGINE=InnoDB DEFAULT CHARSET=utf8;

-- ----------------------------
-- Records of jbpm4_deployment
-- ----------------------------
INSERT INTO `jbpm4_deployment` VALUES ('1', '测试数据', '1506257448502', 'active');

-- ----------------------------
-- Table structure for jbpm4_deployprop
-- ----------------------------
DROP TABLE IF EXISTS `jbpm4_deployprop`;
CREATE TABLE `jbpm4_deployprop` (
  `dbid_` decimal(19,0) NOT NULL,
  `deployment_` decimal(19,0) DEFAULT NULL,
  `objname_` varchar(255) DEFAULT NULL,
  `key_` varchar(255) DEFAULT NULL,
  `stringval_` varchar(255) DEFAULT NULL,
  `longval_` decimal(19,0) DEFAULT NULL,
  PRIMARY KEY (`dbid_`),
  KEY `IX_KEY_STRINGVAL` (`key_`,`stringval_`),
  KEY `FK_DEPLPROP_DEPL` (`deployment_`),
  CONSTRAINT `FK_DEPLPROP_DEPL` FOREIGN KEY (`deployment_`) REFERENCES `jbpm4_deployment` (`dbid_`)
) ENGINE=InnoDB DEFAULT CHARSET=utf8;

-- ----------------------------
-- Records of jbpm4_deployprop
-- ----------------------------
INSERT INTO `jbpm4_deployprop` VALUES ('6', '1', 'test', 'langid', 'jpdl-4.4', null);
INSERT INTO `jbpm4_deployprop` VALUES ('7', '1', 'test', 'pdid', 'testProess-1', null);
INSERT INTO `jbpm4_deployprop` VALUES ('8', '1', 'test', 'pdkey', 'testProess', null);
INSERT INTO `jbpm4_deployprop` VALUES ('9', '1', 'test', 'pdversion', null, '1');
INSERT INTO `jbpm4_deployprop` VALUES ('10', '1', 'testjbpm', 'langid', 'jpdl-4.4', null);
INSERT INTO `jbpm4_deployprop` VALUES ('11', '1', 'testjbpm', 'pdid', 'test-1', null);
INSERT INTO `jbpm4_deployprop` VALUES ('12', '1', 'testjbpm', 'pdkey', 'test', null);
INSERT INTO `jbpm4_deployprop` VALUES ('13', '1', 'testjbpm', 'pdversion', null, '1');

-- ----------------------------
-- Table structure for jbpm4_execution
-- ----------------------------
DROP TABLE IF EXISTS `jbpm4_execution`;
CREATE TABLE `jbpm4_execution` (
  `dbid_` decimal(19,0) NOT NULL,
  `class_` varchar(255) NOT NULL,
  `dbversion_` int(10) NOT NULL,
  `activityname_` varchar(255) DEFAULT NULL,
  `procdefid_` varchar(255) DEFAULT NULL,
  `hasvars_` int(1) DEFAULT NULL,
  `name_` varchar(255) DEFAULT NULL,
  `key_` varchar(255) DEFAULT NULL,
  `id_` varchar(255) DEFAULT NULL,
  `state_` varchar(255) DEFAULT NULL,
  `susphiststate_` varchar(255) DEFAULT NULL,
  `priority_` int(10) DEFAULT NULL,
  `hisactinst_` decimal(19,0) DEFAULT NULL,
  `parent_` decimal(19,0) DEFAULT NULL,
  `instance_` decimal(19,0) DEFAULT NULL,
  `superexec_` decimal(19,0) DEFAULT NULL,
  `subprocinst_` decimal(19,0) DEFAULT NULL,
  `parent_idx_` int(10) DEFAULT NULL,
  PRIMARY KEY (`dbid_`),
  KEY `dbid_` (`dbid_`),
  KEY `dbid__2` (`dbid_`),
  KEY `dbid__3` (`dbid_`),
  KEY `IX_PARENT` (`parent_`),
  KEY `FK_EXEC_INSTANCE` (`instance_`),
  KEY `FK_EXEC_SUBPI` (`subprocinst_`),
  KEY `FK_EXEC_SUPEREXEC` (`superexec_`),
  CONSTRAINT `FK_EXEC_PARENT` FOREIGN KEY (`parent_`) REFERENCES `jbpm4_execution` (`dbid_`),
  CONSTRAINT `FK_EXEC_SUBPI` FOREIGN KEY (`subprocinst_`) REFERENCES `jbpm4_execution` (`dbid_`),
  CONSTRAINT `FK_EXEC_SUPEREXEC` FOREIGN KEY (`superexec_`) REFERENCES `jbpm4_execution` (`dbid_`)
) ENGINE=InnoDB DEFAULT CHARSET=utf8;

-- ----------------------------
-- Records of jbpm4_execution
-- ----------------------------
INSERT INTO `jbpm4_execution` VALUES ('14', 'pvm', '1', '节点一', 'test-1', '1', null, 'TEST_JBPM.ID.4', 'test.TEST_JBPM.ID.4', 'active-root', null, '0', '18', null, '14', null, null, null);

-- ----------------------------
-- Table structure for jbpm4_hist_actinst
-- ----------------------------
DROP TABLE IF EXISTS `jbpm4_hist_actinst`;
CREATE TABLE `jbpm4_hist_actinst` (
  `dbid_` decimal(19,0) NOT NULL,
  `class_` varchar(255) NOT NULL,
  `dbversion_` decimal(10,0) NOT NULL,
  `hproci_` decimal(19,0) DEFAULT NULL,
  `type_` varchar(255) DEFAULT NULL,
  `execution_` varchar(255) DEFAULT NULL,
  `activity_name_` varchar(255) DEFAULT NULL,
  `start_` date DEFAULT NULL,
  `end_` date DEFAULT NULL,
  `duration_` decimal(19,0) DEFAULT NULL,
  `transition_` varchar(255) DEFAULT NULL,
  `nextidx_` decimal(10,0) DEFAULT NULL,
  `htask_` decimal(19,0) DEFAULT NULL,
  PRIMARY KEY (`dbid_`),
  KEY `FK_HACTI_HPROCI` (`hproci_`),
  KEY `FK_HTI_HTASK` (`htask_`),
  CONSTRAINT `FK_HTI_HTASK` FOREIGN KEY (`htask_`) REFERENCES `jbpm4_hist_task` (`dbid_`),
  CONSTRAINT `FK_HACTI_HPROCI` FOREIGN KEY (`hproci_`) REFERENCES `jbpm4_hist_procinst` (`dbid_`)
) ENGINE=InnoDB DEFAULT CHARSET=utf8;

-- ----------------------------
-- Records of jbpm4_hist_actinst
-- ----------------------------
INSERT INTO `jbpm4_hist_actinst` VALUES ('18', 'task', '0', '14', 'task', 'test.TEST_JBPM.ID.4', '节点一', '2017-09-24', null, '0', null, '1', '17');

-- ----------------------------
-- Table structure for jbpm4_hist_detail
-- ----------------------------
DROP TABLE IF EXISTS `jbpm4_hist_detail`;
CREATE TABLE `jbpm4_hist_detail` (
  `dbid_` decimal(19,0) NOT NULL,
  `class_` varchar(255) NOT NULL,
  `dbversion_` decimal(10,0) NOT NULL,
  `userid_` varchar(255) DEFAULT NULL,
  `time_` date DEFAULT NULL,
  `hproci_` decimal(19,0) DEFAULT NULL,
  `hprociidx_` decimal(10,0) DEFAULT NULL,
  `hacti_` decimal(19,0) DEFAULT NULL,
  `hactiidx_` decimal(10,0) DEFAULT NULL,
  `htask_` decimal(19,0) DEFAULT NULL,
  `htaskidx_` decimal(10,0) DEFAULT NULL,
  `hvar_` decimal(19,0) DEFAULT NULL,
  `hvaridx_` decimal(10,0) DEFAULT NULL,
  `message_` varchar(1000) DEFAULT NULL,
  `old_str_` varchar(255) DEFAULT NULL,
  `new_str_` varchar(255) DEFAULT NULL,
  `old_int_` decimal(10,0) DEFAULT NULL,
  `new_int_` decimal(10,0) DEFAULT NULL,
  `old_time_` date DEFAULT NULL,
  `new_time_` date DEFAULT NULL,
  `parent_` decimal(19,0) DEFAULT NULL,
  `parent_idx_` decimal(10,0) DEFAULT NULL,
  PRIMARY KEY (`dbid_`),
  KEY `FK_HDETAIL_HACTI` (`hacti_`),
  KEY `FK_HDETAIL_HPROCI` (`hproci_`),
  KEY `FK_HDETAIL_HTASK` (`htask_`),
  KEY `FK_HDETAIL_HVAR` (`hvar_`),
  CONSTRAINT `FK_HDETAIL_HVAR` FOREIGN KEY (`hvar_`) REFERENCES `jbpm4_hist_var` (`dbid_`),
  CONSTRAINT `FK_HDETAIL_HACTI` FOREIGN KEY (`hacti_`) REFERENCES `jbpm4_hist_actinst` (`dbid_`),
  CONSTRAINT `FK_HDETAIL_HPROCI` FOREIGN KEY (`hproci_`) REFERENCES `jbpm4_hist_procinst` (`dbid_`),
  CONSTRAINT `FK_HDETAIL_HTASK` FOREIGN KEY (`htask_`) REFERENCES `jbpm4_hist_task` (`dbid_`)
) ENGINE=InnoDB DEFAULT CHARSET=utf8;

-- ----------------------------
-- Records of jbpm4_hist_detail
-- ----------------------------

-- ----------------------------
-- Table structure for jbpm4_hist_procinst
-- ----------------------------
DROP TABLE IF EXISTS `jbpm4_hist_procinst`;
CREATE TABLE `jbpm4_hist_procinst` (
  `dbid_` decimal(19,0) NOT NULL,
  `dbversion_` decimal(10,0) NOT NULL,
  `id_` varchar(255) DEFAULT NULL,
  `procdefid_` varchar(255) DEFAULT NULL,
  `key_` varchar(255) DEFAULT NULL,
  `start_` date DEFAULT NULL,
  `end_` date DEFAULT NULL,
  `duration_` decimal(19,0) DEFAULT NULL,
  `state_` varchar(255) DEFAULT NULL,
  `endactivity_` varchar(255) DEFAULT NULL,
  `nextidx_` decimal(10,0) DEFAULT NULL,
  PRIMARY KEY (`dbid_`)
) ENGINE=InnoDB DEFAULT CHARSET=utf8;

-- ----------------------------
-- Records of jbpm4_hist_procinst
-- ----------------------------
INSERT INTO `jbpm4_hist_procinst` VALUES ('14', '0', 'test.TEST_JBPM.ID.4', 'test-1', 'TEST_JBPM.ID.4', '2017-09-24', null, null, 'active', null, '1');

-- ----------------------------
-- Table structure for jbpm4_hist_task
-- ----------------------------
DROP TABLE IF EXISTS `jbpm4_hist_task`;
CREATE TABLE `jbpm4_hist_task` (
  `dbid_` decimal(19,0) NOT NULL,
  `dbversion_` decimal(10,0) NOT NULL,
  `execution_` varchar(255) DEFAULT NULL,
  `outcome_` varchar(255) DEFAULT NULL,
  `assignee_` varchar(255) DEFAULT NULL,
  `priority_` decimal(10,0) DEFAULT NULL,
  `state_` varchar(255) DEFAULT NULL,
  `create_` date DEFAULT NULL,
  `end_` date DEFAULT NULL,
  `duration_` decimal(19,0) DEFAULT NULL,
  `nextidx_` decimal(10,0) DEFAULT NULL,
  `supertask_` decimal(19,0) DEFAULT NULL,
  PRIMARY KEY (`dbid_`),
  KEY `dbid_` (`dbid_`),
  KEY `FK_HSUPERT_SUB` (`supertask_`),
  CONSTRAINT `FK_HSUPERT_SUB` FOREIGN KEY (`supertask_`) REFERENCES `jbpm4_hist_task` (`dbid_`)
) ENGINE=InnoDB DEFAULT CHARSET=utf8;

-- ----------------------------
-- Records of jbpm4_hist_task
-- ----------------------------
INSERT INTO `jbpm4_hist_task` VALUES ('17', '1', 'test.TEST_JBPM.ID.4', null, '1', '0', null, '2017-09-24', null, '0', '1', null);

-- ----------------------------
-- Table structure for jbpm4_hist_var
-- ----------------------------
DROP TABLE IF EXISTS `jbpm4_hist_var`;
CREATE TABLE `jbpm4_hist_var` (
  `dbid_` decimal(19,0) NOT NULL,
  `dbversion_` decimal(10,0) NOT NULL,
  `procinstid_` varchar(255) DEFAULT NULL,
  `executionid_` varchar(255) DEFAULT NULL,
  `varname_` varchar(255) DEFAULT NULL,
  `value_` varchar(255) DEFAULT NULL,
  `hproci_` decimal(19,0) DEFAULT NULL,
  `htask_` decimal(19,0) DEFAULT NULL,
  PRIMARY KEY (`dbid_`),
  KEY `FK_HVAR_HPROCI` (`hproci_`),
  KEY `FK_HVAR_HTASK` (`htask_`),
  CONSTRAINT `FK_HVAR_HTASK` FOREIGN KEY (`htask_`) REFERENCES `jbpm4_hist_task` (`dbid_`),
  CONSTRAINT `FK_HVAR_HPROCI` FOREIGN KEY (`hproci_`) REFERENCES `jbpm4_hist_procinst` (`dbid_`)
) ENGINE=InnoDB DEFAULT CHARSET=utf8;

-- ----------------------------
-- Records of jbpm4_hist_var
-- ----------------------------

-- ----------------------------
-- Table structure for jbpm4_id_group
-- ----------------------------
DROP TABLE IF EXISTS `jbpm4_id_group`;
CREATE TABLE `jbpm4_id_group` (
  `dbid_` decimal(19,0) NOT NULL,
  `dbversion_` decimal(10,0) NOT NULL,
  `id_` varchar(255) DEFAULT NULL,
  `name_` varchar(255) DEFAULT NULL,
  `type_` varchar(255) DEFAULT NULL,
  `parent_` decimal(19,0) DEFAULT NULL,
  PRIMARY KEY (`dbid_`),
  KEY `dbid_` (`dbid_`),
  KEY `FK_GROUP_PARENT` (`parent_`),
  CONSTRAINT `FK_GROUP_PARENT` FOREIGN KEY (`parent_`) REFERENCES `jbpm4_id_group` (`dbid_`)
) ENGINE=InnoDB DEFAULT CHARSET=utf8;

-- ----------------------------
-- Records of jbpm4_id_group
-- ----------------------------

-- ----------------------------
-- Table structure for jbpm4_id_membership
-- ----------------------------
DROP TABLE IF EXISTS `jbpm4_id_membership`;
CREATE TABLE `jbpm4_id_membership` (
  `dbid_` decimal(19,0) NOT NULL,
  `dbversion_` decimal(10,0) NOT NULL,
  `user_` decimal(19,0) DEFAULT NULL,
  `group_` decimal(19,0) DEFAULT NULL,
  `name_` varchar(255) DEFAULT NULL,
  PRIMARY KEY (`dbid_`),
  KEY `FK_MEM_GROUP` (`group_`),
  KEY `FK_MEM_USER` (`user_`),
  CONSTRAINT `FK_MEM_USER` FOREIGN KEY (`user_`) REFERENCES `jbpm4_id_user` (`dbid_`),
  CONSTRAINT `FK_MEM_GROUP` FOREIGN KEY (`group_`) REFERENCES `jbpm4_id_group` (`dbid_`)
) ENGINE=InnoDB DEFAULT CHARSET=utf8;

-- ----------------------------
-- Records of jbpm4_id_membership
-- ----------------------------

-- ----------------------------
-- Table structure for jbpm4_id_user
-- ----------------------------
DROP TABLE IF EXISTS `jbpm4_id_user`;
CREATE TABLE `jbpm4_id_user` (
  `dbid_` decimal(19,0) NOT NULL,
  `dbversion_` decimal(10,0) NOT NULL,
  `id_` varchar(255) DEFAULT NULL,
  `password_` varchar(255) DEFAULT NULL,
  `givenname_` varchar(255) DEFAULT NULL,
  `familyname_` varchar(255) DEFAULT NULL,
  `businessemail_` varchar(255) DEFAULT NULL,
  PRIMARY KEY (`dbid_`)
) ENGINE=InnoDB DEFAULT CHARSET=utf8;

-- ----------------------------
-- Records of jbpm4_id_user
-- ----------------------------

-- ----------------------------
-- Table structure for jbpm4_jbyj
-- ----------------------------
DROP TABLE IF EXISTS `jbpm4_jbyj`;
CREATE TABLE `jbpm4_jbyj` (
  `jbyj_id` varchar(32) NOT NULL COMMENT '经办意见主键',
  `processinstance_id` varchar(255) DEFAULT NULL COMMENT '流程实例ID',
  `task_id` varchar(50) DEFAULT NULL COMMENT '任务ID',
  `business_key` varchar(255) DEFAULT NULL COMMENT '业务主键',
  `user_id` varchar(11) DEFAULT NULL COMMENT '用户主键',
  `create_time` date DEFAULT NULL COMMENT '创建时间',
  `outcome` varchar(50) DEFAULT NULL COMMENT '处理结果',
  `jbyj` varchar(1000) DEFAULT NULL COMMENT '经办意见',
  `user_name` varchar(50) DEFAULT NULL COMMENT '用户姓名',
  `role_id` varchar(13) DEFAULT NULL COMMENT '用户角色ID',
  `role_name` varchar(64) DEFAULT NULL COMMENT '用户角色名',
  `task_name` varchar(255) DEFAULT NULL COMMENT '任务节点名称',
  `task_info_url` varchar(500) DEFAULT NULL COMMENT '任务信息页面地址',
  `task_szmpy` varchar(255) DEFAULT NULL COMMENT '任务名称首字母拼音',
  PRIMARY KEY (`jbyj_id`),
  KEY ` IX_BUSINESS_TASKSZMPY` (`business_key`,`task_szmpy`)
) ENGINE=InnoDB DEFAULT CHARSET=utf8;

-- ----------------------------
-- Records of jbpm4_jbyj
-- ----------------------------

-- ----------------------------
-- Table structure for jbpm4_job
-- ----------------------------
DROP TABLE IF EXISTS `jbpm4_job`;
CREATE TABLE `jbpm4_job` (
  `dbid_` decimal(19,0) NOT NULL,
  `class_` varchar(255) NOT NULL,
  `dbversion_` decimal(10,0) NOT NULL,
  `duedate_` date DEFAULT NULL,
  `state_` varchar(255) DEFAULT NULL,
  `isexclusive_` int(1) DEFAULT NULL,
  `lockowner_` varchar(255) DEFAULT NULL,
  `lockexptime_` date DEFAULT NULL,
  `exception_` varchar(1024) DEFAULT NULL,
  `retries_` decimal(10,0) DEFAULT NULL,
  `processinstance_` decimal(19,0) DEFAULT NULL,
  `execution_` decimal(19,0) DEFAULT NULL,
  `cfg_` decimal(19,0) DEFAULT NULL,
  `signal_` varchar(255) DEFAULT NULL,
  `event_` varchar(255) DEFAULT NULL,
  `repeat_` varchar(255) DEFAULT NULL,
  PRIMARY KEY (`dbid_`),
  KEY `FK_JOB_CFG` (`cfg_`),
  CONSTRAINT `FK_JOB_CFG` FOREIGN KEY (`cfg_`) REFERENCES `jbpm4_lob` (`dbid_`)
) ENGINE=InnoDB DEFAULT CHARSET=utf8;

-- ----------------------------
-- Records of jbpm4_job
-- ----------------------------

-- ----------------------------
-- Table structure for jbpm4_lob
-- ----------------------------
DROP TABLE IF EXISTS `jbpm4_lob`;
CREATE TABLE `jbpm4_lob` (
  `dbid_` decimal(19,0) NOT NULL,
  `dbversion_` decimal(10,0) NOT NULL,
  `blob_value_` blob,
  `deployment_` decimal(19,0) DEFAULT NULL,
  `name_` varchar(1000) DEFAULT NULL,
  PRIMARY KEY (`dbid_`),
  KEY `IX_DEPLOYID` (`deployment_`),
  CONSTRAINT `FK_LOB_DEPLOYMENT` FOREIGN KEY (`deployment_`) REFERENCES `jbpm4_deployment` (`dbid_`)
) ENGINE=InnoDB DEFAULT CHARSET=utf8;

-- ----------------------------
-- Records of jbpm4_lob
-- ----------------------------
INSERT INTO `jbpm4_lob` VALUES ('2', '0', 0x89504E470D0A1A0A0000000D49484452000005940000026F080200000063C3C3320000473449444154789CECDD7F7054D78127FAAD9A3FFD9F5D53B5CFB3359B646BDEBC785E763DB5B529A76A778BA9C99677AADE5BAF7766C7B3D9379BCC78C6E6EDD8133B1B924C268E31B6030EF298C4B28D6D6C209601138834468E81080B90010102190B101881F825CB0221058100613DFC4EEBA256EB07A811DDBA47ADCFA74EA9BA6F9F7BBBEF95D47DCFB7CF39F79F7C0600000010B17F92F60B00000000B81EE1050000001035E1050000001035E1050000001035E1050000001035E1050000001035E1050000001035E1050000001035E1050000001035E1050000001035E1050000001035E1050000001035E1050000001035E1050000001035E1050000001035E1050000001035E1050000001035E1050000001035E1050000001035E1050000001035E1050000001035E1050000001035E1050000001035E1050000001035E1050000001035E1050000001035E1050000001035E1050000001035E1050000001035E1050000001035E1050000001035E1050000001035E1050000001035E1050000001035E1050000001035E1050000001035E1050000001035E1050000001035E1050000001035E1050000001035E1050000001035E1050000001035E1050000001035E1050000001035E1050000001035E1050000001035E1050000001035E1050000001035E1050000001035E1050000001035E1050000001035E1050000001035E1050093E1CA95CFDED973FC87550D33CAAA43F98D99AF445EEE9A5B155EE737576C7BB3BEA5B7AF3FEDE3070030AD092F0028AE33E7FBBEBB6AC7AD8F2E493D8FB899F2F5C51B5B3A7AD23E960000D394F0028022AAA86FB97D5645D2FEBFF3C9D58F5536AC6BFA3894AE9EFE0B173F8BB924AF73FEBA0FB3FD446E79F8B51F56355CB992F6310500987E841700144568E47F73C5B6A4D97FF74FDE6D3CDA9D7A1E31E1D2DCD673DFCB1B927DB9E7C5F567CEF7A57D740100A617E1050045912417B73CFCDAF335FB534F1F0AD5172319FC32A3AC5AFF0B0080C924BC00A0F02AEA5B92E42234F8530F1D0A581A8F7627A360BEBB6A47DAC71800601A115E00506027BB7A9316FE2B9B0EA61E3714BC6C3AD071CBC3AF85BDDB75B433ED230D00305D082F0028B064C0C83D2FAC4F3D68285279ACB221193C92F6910600982E84170014526F5F7FD231614ACFD079FDD2D5D39F742DD97D4CE70B0080C920BC00A09056EF6A4D7A25A41E3114B53CF0465DD8CDC7FFB121EDE30D00302D082F0028A499159956FD93D58DA9E70B452D6FEF3E1E76F3F79F5A9DF6F10600981684170014D28CB2EAD0AA2FB18B8C8C2EEDDD7D61376F9F5591F6F10600981684170014D217BEBF3CB4EA9BDB7A52CF178A5D92A93DD23EDE0000D382F00280420AEDF950BA7AFA530F178417000025437801402125E1C5041381233F7F6046D9E6A125F57367CC5C76649CB536CF9BF1C0F2B6C90F2F923D4DFB7803004C0BC20B000A2995F0622CC976C216C695FB8CC20B008018092F0028A41B0E2F3281459EC60E32F4BC00002879C20B000AC9B01100000A4E78014021DD54789167A92B1BA78BC6833F6F115E00009410E10500853481F0A265F9CC71478C0CEB5B515776BD78E2FA8F0A2F0000A620E105008574933D2FC61C03D2B27CA6F00200603A135E005048C5082F462E346C0400609A115E00504893115EC451841700009346780140211529BC985B377477701449DBB207072BE75CA6243383C6BC7AE105004029115E00504845082FEAE7CEC8092F3239C5E0F55387A6B7C804198375F2BAC0AAF00200600A115E005048850A2FC28D21393D2986A71B433945A6FE60B5C1CE1799D4233F577B6D082F0000E224BC00A0908A316C64A8E40C0FB930D8E1E26AFDCC2C9ED987EAE74E288F105E0000C44978014021DD3EAB2234E99BDB7A8A1A1CC450923D4DFB7803004C0BC20B000AE9AEB955A149BFE94047EAE142B14BD8CD5B1F5D92F6F10600981684170014D29FBDB221B4EA5FD97430F570A1A865FBE1CEB09B773CBE32EDE30D00302D082F0028A4176AF78756FD7D2F6F483D5F286A79ACB221ECE6CC8ABAB48F3700C0B420BC00A0900E9FEA09ADFA5B1E7EADF5546FEA1143F1CA9D4FAE0EBBF9CE87C7D33EDE0000D382F0028002BBE7C5F5A161FFB7CBB7A51E3114A9FC6C6B4BD8C1DB67555CE8EB4FFB6003004C0BC20B000A6CD7D1CEA4F3C5F6C39DA9070D052FEDDD7DC975465EA8DD9FF6910600982E84170014DED75FDF189AF75FF8FEF2121B3CD2D5D33FA3AC3AECDA5D73ABAE5C49FB2803004C1BC20B000AAFB7AF3FB966EA1D8FAF6C3CDA9D7AE85090D2DEDD972417B7CFAA387CAA27ED630C00308D082F00288A968E9E3B9FCACC6A79EBA34B9EAFD99F7AF4709365E5CED664B448D89D5DC73AD33EBA0000D38BF0028062E9BDD47FDF2B1B42833FE982F15865C3949B05A3B9AD67FEBA0F936B8B8472E753ABF5B90000987CC20B008AE8CA95CFAAF71CBFE3F19549E33F29491786C8CBE8D7FCECAF3E34CF0500402A841700145D68F3AFDEDD3AB3A26E4AC416B9E5D647977C63F1C637EB5B5C1515002045C20B000000206AC20B0098FA3ADF7F69F6ECCA0337BA4A668D039537BA2600C064135E004029C864112FBD7F03D741190C2F26B22E00C0E4125E00402155555535363616FB59321D2DF291934EE441800100444A78010085D4DDDD5D5555B560C182A2461843BD26AE6D44D78A51F50F544A2B008029427801008537391146DE841700C0D426BC00202F4D4D4DDBB66D5BBE7CF9E2C58BCB06FCF4A73F4DFB45C5AEB811C678634172D28A515533A94558980D2FCCDA0900444D7801C0389E79E69911ADE2A79E7AEAE9A79FDEBE7D7BDA2F6D6A88A017C6B09E1783D3730E2D346127001039E10500E3A8A9A99933674E36B978E28927962D5B56575797F6EB9A62B211465353D3CD6F2DDF093B73D28951E1C5E0B811D10500103DE10500E39B3F7F7ED2149E3367CE7BEFBDB76AD5AAB45FD154D5DDDD1D8EDEC2850B9B9B9B0BB4C9DC60E25AD3580C5B9E1D2232B06665A5AB8C0000D1135E00308ED0CC7EEEB9E79E78E289D9B367AF5FBF7EC992259F7EFA69DA2F6A6A6B6F6F5FB1624561228C619D2A468417837787CFD73934BF453215C6D535C69CD41300200AC20B00AE29B4B1972C59129AD9A74F9F5EBA74E9A201E7CE9D4BFB75958842441803F1C3B05C2227BC183DB945EED224C518EA76E1E2230040BC8417008CE1DCB973D5D5D5A15DDDDADA9A5DB260C182D0DE4EF57595A089471849BF89619D2586071057BB580C661743971CB9BA3073239B7EE8780100444C7801C0309F7EFA695D5D5D7979F9CE9D3BD37E2DD3C88D461895B347E61689A433C5B0F93A3BDF7F6954C5E157461D5C49760100C44A7801C090D0722E2F2FAFA9A9B978F162DAAF653A4A228C458B16653BBC0000F099F00280C489132792E92DBABBBBD37E2DD35DF2BB084418000009E105C07477EEDCB955AB56F9B63F36E1D721C2000048082F00A6AF4F3FFDB4B6B676C182054D4D4D69BF16C626C20000F84C7801306D3535352D58B0A0B6B6F6D34F3F4DFBB5300E11060030CD092F00A69D13274E2C5AB468D5AA55E7CE9D4BFBB57003441800C0B425BC009846BABBBB938B599C387122EDD7C204251146F83DB6B7B7A7FD5A00002689F002605AB878F1624D4D4D797979737373DAAF850208BFC7850B178A3000806942780150FA76EEDC595E5E5E5757677A8B1223C20000A609E10540296B6D6D0D8DDBEAEA6AD35B943011060050F2841700A52999DE62C992251AB4D3840803002861C20B805273F1E2C5B56BD72E58B0C0F416D35036C2E8EEEE4EFBB50000148CF002A0A46CDBB66DC18205E167DA2F8434353737873F83AAAA2A110600501A84170025E2D0A143E5E5E56BD7AEBD78F162DAAF85283436368A300080D220BC0098F24E9F3E5D3120DC48FBB5101D11060050028417D3C281CAD9F978E9FDCEA11586EE5CD5F9FE4BB32B0F4CFA6B07AEE7DCB9736BD7AE2D2F2F3F74E850DAAF85A889300080294D7831CD8C4A25C68A29C6CC29C6AC189D2B573E7B67CFF11F5635CC28AB0EE53766BE1279B96B6E55789DDF5CB1EDCDFA96DEBEFEB48F1F53C9A79F7E5A5757575E5E6E7A0BF227C20000A628E1C534935F78317A61E7FB2F5D4D3332C1468C3D30CE9CEFFBEEAA1DB73EBA24F53CE266CAD7176F6CE9E849FB583205343737979797D7D4D498DE820948228CB56BD79E3B772EEDD702009017E1C534335E7831104D8C1A4A32145D0CAE13597C5151DF72FBAC8AA4FD7FE793AB1FAB6C58D7F471285D3DFD172E7E1673495EE7FC751F66FB89DCF2F06B3FAC6AB87225ED634A7EAE0CF8FF46499617E319DBDBDB972C59E24298DCBCE4C234220C00604A105E4C5CB6C5D2DFDFFFE9358487B22D99B45FEF80BC7A5E84654936913C98892E2A47CF9A11477C118EEB37576C4B9AFD77FFE4DDC6A3DDA9E711132ECD6D3DF7BDBC21D9977B5E5C7FE67C5FDA479771246F025D5DAD67CEB49CEA381C4ADF80ECFF7E61FFF1430BB3BABA7AE1C285ADADAD05DC2CD359F85B156100005382F0622292164B38E70BAD948B172FF6F6F69E3F7FFEDC286161782854481A33294618794DD799ED6791CD3306A6BE78FF6A5F8CE15945E6A128A6C048928B5B1E7EEDF99AFDA9A70F85EA8B910C7E9951569D5AE43581C1418313A5C4D72FA75806938BC3AFBFF8C56C3979A239FCEF5FB87021FCD71730BF086F20B5B5B5E5E5E53B77EEBCF9ADC108220C00207EC28B1B938D2D2E5DBA74FEFCF935DBCA9F5EFCDFFEDF1FFDEBFFF6BDDFFE2FDFFACDFFFCC86DA1841BE16E58181E7A7B6BF9993367CE9E3D1B2A8755D28D3032B29D2A72168C9EDEE2EA92E8E7E8ACA86F49928BD0E04F3D742860693CDA9D8C82F9EEAA1D691DDB1B8EA77266798D26DA2AA2E4ADE0CC9996D75FFCE2E217FED96BCFFFF350C28DD75FFADDC32D1F7477778716E0C58B170BF22FDFD4D4145A95B5B5B5A6B7A0A844180040CC8417F9CA8D2D7ACE9D2D5FF5D05FCFF9977F3AEBF6FF39F7DFFCF88DFFB17A73D9EED6773F3EDF1C4AB811EE8685E1A15021540B953FE9680FED99D4238CD197111915500C55194C31C6BED06AEA5FAE9FECEA4D5AF8AF6C3A987ADC50F0B2E940C72D0FBF16F66ED7D1C90801464E75722DB9B3B6E6D991A7148D4E2EF67CF0DC07BB1764F38B8F0EEE3C7DFA744F4FCF4DE617274E9C58B468D1AA55ABB4249934B911C664E665933F7D0C0030B5082FF2929C515DBE7CF9C2850B15EB663FF0E4BFFA8BC7EFF8C95B0F1EECD8DADD7FFC3A255408D542E5B0CA1BEB669F3A75EAECD9B361236153A9E417A3FB528CD1BB2213568465D947C6EC9C917E78910C18B9E785F5A9070D452A8F553624834726E160E6F30B1DD1B56254FDE83BEA14C8E8E4E283DD0BBACEBEDFFDEB2D99FCE2854C7EF1DA0BFFFB81E6EDA74F9F0EFFEF13CB2FCE9D3BB76AD5AA458B169D3871A278FB02D7928D3026A7CBCF244F1F03004C45C28BF1252755E12CAAB7B7F7A9D7FFF46B7FF7B9052B1EB87E6631BA8455C28A61F5B6B6B6AEAEAEB0A9B0C1493F211B3BA918A3C5997CB37ECDD123E98717BD7DFD49C784293D43E7F54B574F7FD2B564F7B1D82281E91B5E8C995C74FF7A4BD7D9F747E717CDFBEB27905F24D35B8446635353D324EC115C47F8D34DFE1A8B1A614CE6F431A42BFC0EDFD973FC87550D33CAAAB3D7D88AB9DC35B72ABCCE6FAED8F6667D4B38F148FBF85DCB58934DE577A696FEF91CC08D105E8C239B5CB477B67EE7A7FFE1A167EEAADBFFD68D261749092B86D5C3463E6A6DEAECEC0CA765939C5F8C3993E2D82DCEEC4891AB333046175EACDED59AF44A483D62286A79E08DBAB09B8FFF63C3641CD3F1C682E4FCC6C7BCA2EED06429A53A6BE7B5FA5C74FD7ACBD9F30DE7CF37740DA41837935FECDCB933692886CA93B65F707D458D302673FA185274E67CDF7757ED48A6A39EBAE5EB8B37B674F4A47D2C471A3A271B7B98EFF50672A67F3E0770238417D7934D2EC2C9D3777EFA1FBEF7FCDD1D173F9A58729194B07AD848D8D4B163C742936612F38B81D6E6589F5C632713B9971B3910E39C17332B32ADFA27AB1B53CF178A5ADEDE7D3CECE6EF3FB53ACD633D8661673B83D3730E9B2DA5F43A615CABCF4528E707928BA4245D3026905FB4B6B62E5CB8B0BABADAF416C4A91811C6A44D1F43BA2AEA5B928E84A1DCF9E4EAC72A1BD6357D1C4A574F7FEA9FB3D72FC9EB9CBFEEC36C3F915B1E7EED87550D11FD195E2B7E1863F9F5B28D6932651530D5092FAE2799E7A2B7B7F7C9D7FEEB43CFDC7593C94536BF089B0A1B3C76EC58676767D87832FF455177E43A6DC991E1455E234BD24FEA93D38812BBC8C8E8D2DEDD1776339CF315FB78E63B61674E3A312ABC18FC4329C5E8E29AA34506928BB38325B99D8C22096DB03CF38BEEEEEE152B562C59B2A4BDBD3DC57D847C1430C2989CE9634857F85D2513548572F74FDE9DD2233D9BDB7AEE7B7943B22FF7BCB8FECCF9BEB48F6E46EE05E2869D994D9B612357AE21EDD7051485F0E29AC21B5F384FBA70E1C2D2B53FF8DADF7D6EC2A345C61C3F1236B8E4DD1F1C3F7EBCABAB2B3C457822EFB337E40BDF5F1ECE1EC29944EA6733C52EC9D41E93786873CF64AE358DC5B0E5D913A681352B2B4BEE2B9B31BF1CCE1D2D723E27B9C8E617A18C9B5F84DB353535E5E5E5CDCDCD69EF25DC806C84515757973BC4E9E4C9938B172FCE27D49884E9638841925C840FB2E76BF6A7FE795A90B2AEE9E364F0CB8CB2EA18FE0C478DDFBCEE570FF9F4BE88FE233CF7CA44FDFDFDE13DE1F228D9B97E5DB1084A8CF0E29AC2FBDDA54B97BA7F7DE6AF9FFC57F9CED0F9E90DCCDF1936BBBF796F5B5B5B38210B4F54ECCE172526F9EA23FE1EA7375F263BBC18F62DCC88F062F0EEF06F6A86BEED1936CF6B097C9D9331BA89D5F8C13F9CE9DAD4D5BDA9E75C7DA6F4EC08A5BB677B72377B2354082554BE56036CC78E1DE5E5E523DA7E308524E9DB82050BB66DDB96FC19BFF8E28B4F3CF1C4A2458BAEFF573D09D3C710838AFA9624B928B16E928D47BB935130DF5DB523ED633CE046E6CB1E5177E44775DC536F67638BF026D07BB6E7F08E5D4DBFAADDF8EAD2DA97172725DCFD68EBF6EECE33BDBDBDE1BD229C5D27418608034A86F0626C49B78BF3E7CF2F58F9E05F3CFEC5CEBEC39D7D474E5F3E1C4A67F8D9772473B72F732373FB7252C243470696642A87554E87BB97930A991533CB2F0F2EBC7C246C366CBCA5A5E5D4A953E18974BEB821497831C1338F233F7F6046D9E6A125F57367CC5C76649CB536CF9BF1C0F2B6C93F494AF674B28EEB40FC302C97C8398B193DB945EED2C1EF73065788FB0C283FA39B58BB1BE79DEE7C2F94AEEEAD99129A5BDD5BF734CEABAFFB56523E3AF0CAD587BAB72635C32AA31B60AFBFFEFADB6FBF1D6EF8AF67AA3B77EEDCDAB56B172C58107E265FDCCE9D3B77F5EA6BCED453ECE96388C4C9AEDEA485FFCAA683A9C70D052F9B0E74245F2DEC3A9AFAE7DC81CA1BF9B09DA2E14536B6E83DDBB3E567CB177DEDFE6FFFD6171FB9EDF36396F0D0CB7FF2E71B5F5DDAD1D616DEA07A7B7B2F5DBA24C280D220BC18DBD56E17DDDD7FF5C4FFF9ECF2FBDB2F347F9C53C2DDF6DE819FC9DDDE81E5C992DE03ED170EB40F561BAA7FE16A9DECDDB0D9B0F1A6A6A613274E8427D2F9E286A4125E8C25773B452993175E24FD26867596187E1673B58BC5E0A9CE50EFD4AB0B3337B2E9C7D4EF7831BA89B57DC7BC8F3BD68572EACCC66C3978E0E5F068B6BCF1CAEFE63EDAFEC9FA503FACA80146690B2D841FFFF8C7D98EE7F3E7CFDFB265CBE86A459D3E86A8240346EE79617DEA414391CA63950DC9E091748FF3B06120573F84AF336A644A0E1B49DE37C27972EDCB8B1FBBE3CBB921C533FFEE3F2EF8A33FAEB8FFA150C28D703737D40895D7FEE4A5CE53A747471869EF133041C28B3164BB5DACACFDF17F9D757BC3D15F1E3DDB38503E083F8F25B77B323792DBC77A1AAF56E8F920A97334B3E48363993254395BE1D8C02A0DADEF848D2FDF30F7D0A1433A5FDCA81B0E2F3281459EC60E324ABBE745E5B0739B2123CF72929862AC0BEE8E1847728DED4D19A39B583BEA9F3C79BCFA64DB9AF68E75ED031146F273FFFE9FE68617A12415B2A5EDE3CC5A61750D304AD8C9932747B480E6CF9F1F3EDD72EB146FFA98B4F69A6BE9EDEB4F3A264CE9193AAF5FBA7AFA93AE25BB8FA5D9D8AF1C1E378CF5C5C13587830E7DC45F6BB4680492F78DB67D079EFECA579348E23BBFFD7B8BBFF1E09E9FBD79F1D0A1FEE3C74794B070F7D265A14236C578F2CB7FB06FF3963367CE24D75D4EA6C9F7BE015394F0620CC9E551C3B9D1EC57EF7DF0E9DF3FD8B9F5E0996D1F25A5736B520E7686DBC9926D07336560E19981DB0335077E6E1D583E7037FB6872373C74666BD8F8E3AFDEBB77EFDE70DA179E2EB96C6ADA7B9FA67FF8877F78FBEDB7F399ECCDB0118A6774136B5BFDE3274EAE6E3DBEBAEDE3EA63273325DC48CA874DFF3022BC482A64CBF18FD724EB868D688051AA5E7CF1C5D1DFE0CE9B37EF934F3E492A146FFA18FF3E115ABDAB35E995907AC450D4F2C01B99ABB63FFE8F0D691FEF21E38617570DE416437D290F443AD776F2BEF1C19AB54912F1E86FFE8B157FF3BFBA1B3F189D598C2EA15AC5FD0F8555923E1A1BDF7CEBD4A953E17D237B993FEF1B3015092FC610DED1C229D1993399A93A67BF7A6FD327EF35B50F944FDEFB70B00C2CDC10167ED8FEDED50A9F6C684A962737DA07AA0D54C8AC3278A36968F5F71E7FF5DEF014BB76ED6A6D6D0D4F179E749A8717C9F9EE9C39735E7FFDF5EC29EF986E2ABCC8B3D4958DD345E3C19FB714FFDC487831C94637B1DEDFF2F7475A5764CAB1CAD6E3ABC3CFA3C787CA9EC67923C28BA3C72A8FE454383A50FFD091B7C216C2A634C02849E5E5E563F6409F3B77EE67C59C3EC6BF4F9C6656645AF54F5637A69E2F14B5BCBDFB78D8CDDF7FEA9A33BC4C926C0F8A97DE3F306E7871605857CB9CC786CDB91D836C729104104F7FE5AB6D9BEAF2892D72CB89DA4D4F7EF90F92E063C3D237DBDBDBBBBBBBE5173075092FC6D0DFDF1FDED7C289D17DDFFD670BD77CABE1C42F1B4EBC33F033537625378E6717869FEFEC1A58B22BDC4E961F4FEA64D71A5C92B330540E1B0F4FB17DFBF6969696F074E149C353A7BDF769CA3DE57DE289279E7BEEB97070C6AC3981F0A265F9CC71478C0CEB5B515776BD78E2FA8F16AE082F0A259F7E3DA39B589B367EEFE0A18A8F0EBE79E8C85BD9D272E4E7A124B7778F0A2F72EB64AB65CAA137C2A6C20635C098564C1F330DCD28AB0E9F5C25769191D1A5BDBB2FECE6EDB32A523CD42306695E6FCE8B3166B61ADD2B2396082379DF68FA556D925CBCFC277F3EE620917C4A58B1FC9E3F4BF28B8D6FBE25BF80294D78318664C28B8E8E8E7B1FFDCD5FD4FFC3D623BFD8DA5AB9F548E5B6D6A19259D2FA8B6DADBF486E6CBDBAF017A1F24085E4A1E46E52AE56CBD60C0BC3C6C3536CD9B2E5E0C183E1E992692F0AB517AD37ADB1B1B1F6A62DB911233E6B9F7EFAE93973E69495958DDEBB9BEC7931E6189096E53327125E8CDB4123C7DCBA828517555555791ED59A9A9A7C7E53DBB66DCBF30FE3DCB97385FA2B9D4CE3F6EB494E95BABA0EE72417B3F61D5812CAC14315D9B279E3FFAC59FB171BD67F23F9F9CBAA7B4784176161B6843AEF6FF9FB24B60825D9DAE8FCA2A7A72734C0928BD24FFE9181E2317DCCF4F485EF2F0F9F5CCD6D3DA9E70BC52E937D39F3F1E43B6C249FC7D2939DE7E27B9FFBD223B77D7EC11FFDF1E5A34727965C2425ACFEECDDF726F365ECDEB8597E015397F0620CE11C2834CFC25BDB7F7EE4B69AFD4B37B7BC154ADDC0CFAB370E2577570EDC5D597768E5F047C3F2CC926461DDA1ECEA2BAFDECDD4CF54D8B06F69788ABABABAE6E6E6F074E14993F06274337E026E28351853681EDF7C7871437149F6C52F5EBC38B430CBCACA962F5F7EECD8B1D1BFA36284172317C63D6C247CEEE67954C31F583EBFA9B56BD7E6F987117E2F85FD235CB56A559E7F4EE13F259F5D3E71E2C4E82396FBC2C6ECD7134E5FBABA5A73938BBDFB5F6DDAFB4A923884B2FFE0D2F07344FB6ADCB27AD9BFCFDD42D86028EFD5CCCA36C00E346F0F0DB0F0EFDFD7D737CDFB5E51624C1F336D259F5C5D3DFDA9870BC52EB18517A521FC1787FFE864B8C7EC3BFFEDF97DFBC68C244ED5EFA89DFBECCB7FF2E7CFDF7D6F522AEE7F687BF9C2312B878DCCFED257920D1E3C70A0A3A323FBBEE14D03A610E1C51872C38B5FED7D7DE347CB377EB46CB02C1F76F750E6EEA68F966D3AB42CB9B1F1D0B2CCDD64E1D5FA838F1E5A96BB9D5067FDDEC5E129366FDE3C22BC98B642AB72F5EAD54B972E5DB060C1CE9D3BAFD3C37F32C28B38CA941E369267BCD2D4D4946778B162C58A7CD290458B16E519AFCC9B372FFB6AAFB6B25EFADDD0C47AAF6656D3DE9742D9BFFFF550F6EE7F3594E4C604C28B64C5EC76922D27F9C5A2F2DFD9F3C1E6B6B6B6EEEEEE0B172E4CF377004A89E963A6B33C3EA3EBE78EEE8D38723AEDB14B6610E8BCFA713E3D276B66EE29FD191DA7E4AD63DDB3CF3F72DBE7BFF54F7F67CC792ECEEFDB5771FF43D94BA28E28DFFBDC976AE73E3B7AADB0A9B0C150E1673F9813CE3D4E9D3A154EBC2F5DBAE44D03A610E1C518B2E1C5BD8FFEE6CA2DF332A1C3A1E5579388434924B16CD3A124C5583E185B2C4F1E4D6E5F4D2E06D38A4D83B9C6D53A57D75DF6D6FBF3C2536CDEBC79FFFEFDC28B20B4242B2A2A465C5D6F4C450A2F724FA4064791B42D7B70B072CEC9505E274FD33EBC884A36B058B972E55B6FBDB560C182EAEAEAEEEEEE6C8570FA72AAE370125E6CDAF8BDA48B44D2DB22E93491949BE97991DBF922193CB2A8FC771A766E387AF468B6F3458A87080AC5F431D3DCB89FD1439FA1D7EBE43876DC50D4F0622CD7CB537C46175CF8FFED3DDB930C1879FBDB7F3F3A83385E539B3C7AFDF2F29FFCF9E82E1B95DFFC4E3278E4C3DDBBC396CE9C39D3DBDB9BBC69A4BDDF405E841763C88617F77DE79F3D5FF937C9888FBA96EC6090AB833E9231239B5B86C68C642B6C1EAA9654C896B7726EBC15361E9E4278310145082F867F0B9439EF193CD1199AFC2213640CD6C9EB4C4878118F71FBF564C38BECB7C449DC105A4A496329F93981F0223BE74576DA8BECF7C68BCA7F67C78E5F1D3E7CB8A3A3A3A7A747784109307D4CA92AD8E5CCAFD5C3628CE5998FE6FCCC5C561756CFBBF2581FDF7A5EA42E79F7D8F8EAD22462E8D9D3D477F8706E69FDE5DA7C928BA4FCF82B5F1DB17AD86072D5D59FFF687E4B4B4B38F73E7BF6ACCE173085082FC6900D2FFE6ACE97FE7EE1FF953B4FE7B6A3C3A6ED1C7BC9F597E794B0F1F014868D4C40A1C28B615FB3E47C9333FC0C6628A7C8D41FAC36399D2F9C1815CAB8FD7AC2B94B5F5FDFC913CDA12134D01CFAE75BB63E9EB49492AF7F939FA1C5F5DEFAFBB365748B2BF7D150B6D53F3EE21BE3B0D96C72B179D39AA6A626E105A5C4F431A52AE9BC76D397336F5BF6E0181FA9D70B358617C3464A5878F70867C20BFEE88F1FB9EDF315F73F747EDFBE11E5C75FF96A9EC94552DEFEF6DF0FDBC2DE7D8BBFF160E6C2ABFFFE8FF6EEDD9BDBF94278015382F0620CD9F0E2B185FFF75F3FF92FB317494DAE93BA2B7BB5D4ECED9343CB778DACF6EEAE4CF9E5C832B04AD878788AD1137632AE620C1BB9F6494FCEC8914C07D7EC43E16468FCD32CE1C554918417E1DFF070CB07D9FCA27EFB9C23AD2B32C3EC0746DDB71E5F9D1D819FDC1E73A07EF2687660FF9181E1FAC968FFB0C16C72515B5BB56BD7AE7DFBF619364229317D4CA91A77DAE3ACEB7D46E78E13C9F46ACC7CC28E6D30A1B8C6688E1C139E3FFBA667E6F6195D58C99891E4F2A87B2A967537347437EC1CF8D9D0BD73E7BAC79EBCA1E42229ADBF5C1BD6BDBA9D9D0D7B7EF66672D9D486FAED2D2D2D1D1D1DE1C337B9EC48DA7B0F8C4F783186ECA552DF583FFBBF7EFB7FDB746079D327B54D9FBC975BF6E6FC1C7CB4766FB6427BEDD02AED03257B3B2C1F58B2B97979D8F892777F58A44BA596B6DB67554C93CBB0257B9AF6F19E16C2894BF8070CCD9ED0F8F9E8E0CE6C7EB17DC7BCE327579F38B93AF7C207C9F511C28DA60FC6B84442F2E8F18FD7646F275749089BCA2617EFBD5719CEFB9B9A9A0E1D3AA4C545298964FA982585B86E17E3CA9DF6386BFC2F18AE7F31F2E165C4F70D237B5EE46C2AF3D07826724D74E1C54DCB73CC5178F7F868EBF6476EFBFCB77FEB8BA7366D1A511EBBE3CB13082F2AEE7F68C47692693BD72CAD3878E040F8FCCD8E1C999C4301DC0CE1C518FAFBFB7B7B7BC309504B4BCB5FCEFEBD796FFC3F1F756EFBE8CC60E9BC5A0E9EC95998FBE8A8BB49CD83390F852561B361E3EFBEFB6E68C084270A4F179E544FD73CDD35B72A9C2E6C3AD0917AB850EC1276F3D64797A47DBCA7852B57AE847FC0A4F345F87F3CD0BC3D9B5FEC6E9C976410ED1DEBB2E5E38E759F74FC6AFFFE9F8E68627D9C5327A976B26D4D28612323928B3D7BF67CF4D147274E9CD0D79D5262FA9852950D2CAE35ED71D678E145FDDC1BE92B917F78719DB5B2EB4E4E7851555535EE85B156AC5891CF65B6F2B968573E1391A42BF9CB1977CC51F810DCFAD6EA476EFBFC33FFEE3F9E5CFB6EA6BCBB3629DBCB174E20B908E5B13BBE7CE29D77321B19DCE0D303634F56942DC81D39E2F317A604E1C518C28957F81808EF65E1F3A06CD95F7CE387FFC7D19E0F8E9D6D3CD6F3C1D1F0F36CE3D1B31F646E67CAE0DD8147AF2E0C4B7A9292597275C5CC8D0F922D0C6CE483B0D9B0F19A9A9A5DBB7685270A4F179E54EE9BA73F7B6543385D7865D3C1D4C385A296ED873BC36EDEF1F8CAB48FF7B490CC13164E5FC27F6268FC9C3E7DBA797F7D36BF68DCFDECC70349C499CE8DA7CE0C9583075E1ED1C4CA7D34544ED60AAB8F4E2E0E1E3C184E9BCC324889317D4CA99A5DA0CB998F986DEA5ADD25B253684F6CD8485ED7442FDAB091EEEEEE711387E6E6E67CC28B7C2E103E6FDEBC71FBC884DF5A8A794AEE2BB9D698A364C28BDA971727D70A39F28B5FE496B7BFFDF7130B2F4219B1A9644E8D9FFD604EF8204ECEC04D7B015385F0620CC989D7D9B3674F9E3CD9D4B4E7AFE67CA96CD95F7C7CA1B9FD4273F6E7C7576F1FB87AB7F740F250FBD50A07066F1F18AA932CECCD2C0F1B0C9B5D53FDF6E6CD9BF7EEDD1B9E283C5D78524D973CBD50BB3F9C2EDCF7F286D4F385A296C72A1BC26ECEACA84BFB784F17497E11CE60C25957F8971C915FECF9E0B9D39DEF85D2D5BD355B3E3AF04A6E73EB8D577E37F7D1A47E58F13AC985EB3B52624C1F53AA0A7439F3810B88E48402634DC0997B6DAF6189C35090915DE5467A5E4C604ACEEB9729346C24C23C65C498A3F00978F9F2E50D2FBDF6C86D9F5FF4B5FB3F5AB62CB754FCF7BF9C7078B1655E59EEA65EFE933F4FC28BDDBB77B7B4B49C3A75AAB7B7373CB58F60889FF0620C49F47BFEFCF9F076163EA45F5D33EB6B7FF7B94D4DCB4EF71DEEBC7CE474DF91CE502E1FCEFCEC3B7CFA7272FB70E6E7E5C3571FED3B727AA0666695A472A61C19288737ED5D1636F8CADBB3D6AD5BB763C78EF014E18992092FBC6FE6E9F0A99E70BA70CBC3AFB59EEA4D3D62285EB9F3C9D56137DFF9F078DAC77B1A1927BFD8F3D3AEEE4DA174F76C0FA5E75C7D28A1D1555FF7ADA41C3AF4466661CF8EF0F34CD7A650C22A6326176FBEF9664D4D4DD2E54A724129317D0C3734A9F6B8E1C5856C4831D01DE36AFDCCDDEB5D40E45AE145EE66074791E44CCB9D3363773E97359942E145BAF219733422BC685EBA34B7DC647891BBA911E14576CE4E9FC2103FE1C5D8C2B9D7A54B97C2BBEA891327C229D1138BFEF8A167EEEAB8F85177FFF19B2C6123615361836BD6ACD9BC7973D878788AF044E60ABA51F7BCB83E9C31FCEDF26DA9470C452A3FDBDA1276F0F6591517FA8CC39C54D7CF2F3EFCF0F9AEB3EF8772F67C4352CE0FFE3C3F783B94EE5F6F097542E56BF5B93872E4C8DB6FBFFDDC73CF6DD9B2A5AFAFCF391325C3F431E43561E7E0B88CCDE3861749E531AE539E5CA964EC0863ACF022D3E96368B3999C6270DDA1EE1BB94F3DFE0556851779CA67CC516E78517ECF9F8DE87951F9CDEF4C38BC18B1A9ECB011E1054C39C28BB1E576BE08EF6B0D0D0DB37EF287DF7BFEEEB1F28B6337945C848D844D5556566ED8B0216C36E9AEA6DBC504EC3ADA9974BED87EB833F5A0A1E0A5BDBB2FB9CEC80BB5FBD33ED2D351FEF94536ADC8BDDD355E72911D2DD2DDDDFDEEBBEF8693B9DADADAF8675C837C983E86F12F959A93565C6FCE8B4CBE306344B431AA43C4D8114636BC1831C5C635D28DA19C22537F8CA044787153F21973948417D9093B474C54713313768ED8D4935FFE83B0FCE73F9A2FBC80294778714D49E78BD0C0686B6B6B6E6EAEDB5133EB277FF8D03377D5ED7F6B227D2E3E3D1E560CAB878DFCE3BB6FAD5FBFBEBEBE3E6CD6259A6EC6D75FDF184E1ABEF0FDE5253678A4ABA77F465975D8B5BBE656F9244DCBB8F945A66FC5AFB79C1FDEF322935C9C7D3F3C944F72911D2D124E9B6A6B6B45184C51CF3CF3CC9803DACBCACA4C1F333D1565D8C8F5EA8F51C699DE22677848F619AFD6CFC42BD987EAE70EAB26BC28A224BCD8B779CB2303974ACD5C2224B93EC86099E0A552FFFB5F5EBD64C9C0A546C266B3974A155EC09423BCB8A6A4F3C5850B17BABABAC289D1BE7DFBB66EDD3A67D11F7FEDEF3EB760C503371A5E8455C28A61F55FFCE217EBD6AD0B9B0A1B0C9B0D1B4F46E77AC79C80DEBEFEE49AA9773CBEB2F16877EAA143414A7B775F925CDC3EABE2F0A99EB48FF1B4964FFF8BEE5F6FC9ED7991F4C8B8A1E422FB7461611261AC5DBB369C48A5B8E370436A6A6AE6CC99931B5B3CFDF4D3CF3DF7DC8103072661FA18C94584929E83CD6D3DA97FA416BB247B9AF6F12E114978D1DD79E6D1DFFC178FDCF6F9EDE50B4F6DDA945BD63DF6E4C42E3592BB91A40747788ADA0D1B4CD809538EF0E27AC23950782F0BEF689D9D9DC78E1DDBBB77EFD6AD5B5FABFEEE5F3FF9AFFEE2F13B7EF2D683073BB65E3FB3081542B55039ACB268CD772B2B2BD7AF5F1F361236153618369BBC5DEA7631612D1D3D773E9599D5F2D647973C5FB33FF5F3989B2C2B77B62667426177761DEB4CFBE87263F9C5CD241759E1D16DDBB68930985A7EFCE31F67938BD75E7B6DC99225EDEDED93337D8CE42242C9F70A9B0E74A4FEA95AEC927C5EA77DBC4B44F2AD6138317EF6EE7B1FB9EDF38BBFF160F7CE86507E9DF373DEC0888FFC4BE537BFD3DDB073A0342437167DEDFEB0FCE9AF7C75CB962D2E950A538EF0E27A9213AFECAC63C78E1DDBB76F5F7D7DFD86F76A16BCF5E05FCDF9D29FCEBAFD7FCEFD373F7EE37FACDE5CB6BBF5DD8FCF3787126E84BB616178285408D542E5D5BF58B566CD9A0D1B3684D5C346C2A6B2F38A39D9BA49BD97FAEF7B6543D275F38EC7573E56D930E566C1686EEB99BFEEC3E4DA22A1DCF9D46A7D2EE291677E3181D122D779D250278930AAAAAA46CCC70E513974E8D0AA55AB9E79E699279E782299932F492E9247276DFA18C94554FE6CE043F9954D0753FF782D6A09271BC98947DAC7BB74F4F7F7F7F6F6AEFDC94B8FDCF6F9EFFCF6EF9DDE567F7EDFBEDCD252B5E67B9FFB529EC9C54FFEF03F9DDF3B6CF5B0C16FFFD617C343AF7DE7075BB66CD9BB776F781B49C20BB3FCC29420BC18476E7ED1D9D919DEE39A9B9B1B1A1A366FDEBC6EDDBAE5353F7AF2B53F9DF9F4BFFE6FDFFBEDFFF2ADDFFCCF8FDC164AB811EE8685E1A150219CC9AD59B326540EAB8415C3EA61236153928B020A87B07ACFF170029134FE9392746188BC8C7ECDCFFEEA437F11B1C967FE8B02261759A1726363A3088308853FC89A9A9AF0C7595151D1D4D414962C5DBAF4D5575FCD4D2E1293397D4C4A0783915EA8DD1F3ED1EE7B7943EAF94251CB63950D61376756D4A57DBC4B4732DF5C475BDB777EFBF71EB9EDF32BFEE67FF51D3E3CA2B4FE72EDEC2F7D65DCE422D371A3F18311EB56DCFF50128BD4AC5DBB63C70E73CFC19423BC185F36BFE8EDEDEDEAEA0A6F732D2D2DE15C2DBCEB6DDEBC399CBDBDFBEEBBD5D5D56BD6AC79FBEDB7FF7140B811EE8685E1A15021540B95C32A61C5B07AD848D894E4A2E0C2B15CBDBB359C464C89D822B7DCFAE8926F2CDEF8667D8BABA2466BDC0658519B58D9086344B310265FF82CABA8A8087F90757575B999DAB973E7C2C231FF442779FA185277F854CF6F0C5C0EACC4A6D31E5192FE92EF7C783CEDE35D3A92F0A2F76CCFCF7F34FF91DB3EFFAD7FFA3BC76B6AFB8F1F1F51CEEFDB779D2BA7CEFED257B6972F1CBD56D8543255E7C287FED7962D5B7267EB145EC05421BCC84B72E275F9F2E50B172E84B3A553A74E9D3871E2D0A1437BF7EEDDB56B57389D0A6F82E1346E738E70372C0C0F850AA15AA81C56092B86D5C34692792E9C6CC11472FD0658B689555B5B55A426566363E3C2850B57AC5821C260F2255D2DCACACA56AD5A75FDEB1D8E69F2A78F215DF7BCB83E34ECFF76F9B6D4238622959F6D6D49FA4BFAD6A180B2D35E9CFAE493E482A6B3EFFCB7E7F7EE1B9D44241146EDDC672BEE7FE8F9BBEF4D4AE537BFB37BE9B2B12BEFDD97F4D778EC8E2FD76ED8B063C78EDC312326BC80A9427891AFEC89D7A54B97CE9F3F1F4EE34E9D3A75F2E4C9D6D6D6969696703AD53C60FF80E47658181E0A1542B55039AC12560CAB3BD98229EA5A0DB0D0B84ACAE64D6B76EDDAD5D4D4F4D1471F15A98915DE5B920823BCB7DCFCD6605CB95D2D6E6612D954A68F212DBB8E76269D2FA6DC2C54F994F6EEBEA48FE70BB5FBD33ED22525799708A7CAE17F7CDFB6EDC9E09167EFBEF7F2D1A36346127996B0FA335FFD4FC98091354B2B92A93AC3297A7B7B7B76CC887712981284173766448411DEF2CE9C39134EA43A3A3ADA47090BC343A142A826B680D230BA0176A079FB9E0F3637ECDCB063C7AF42336FDFBE7D494FABA236B19A9B9B970C10615024E10F78EDDAB513EE6A31A6B4A68F21155F7F7D6368DE7FE1FBCB4B6CF048574F7F7245F3BBE656F9032CB8EC95FEC2F9F3D6B75627974D5DF0477F7C7EDFD8FD2FC62D61C5E4F22561532BCA166CD9B22599ED22DBEDC255FF600A115E4C44F6F4ABAFAF2F9C428537BEF3E7CF9F1B252C0C0F850AA19AD32C2819B90DB09E9E9ED09A6A6B6B3B7AF4E8E101E146B81B1686878ADDC46A6D6D4D228C701E568CED330D25D3C42E5AB4A8BCBC7CDBB66D05BF5E6FBAD3C730997AFBFA936BA6DEF1F8CAC6A3DDA9870E0529EDDD7D497271FBAC0AD7052B866CE78BF0E673EAD4A98D6FBE95E417B3BFF495B64D75379A5C84551EBBE3CBD9E42299846EEFDEBDE1D3336C3C3BDB853713982A84171397BCBD06FDFDFD9F5E437828A9E36D114A496E032C9CFD747777273DB092FE56E16E5838694DAC7012B662C58A850B178A30B819E14FB7BABABAACACACAAAAEAC48913C57BA2D4A78F61D2B474F4DCF9D4EA645EEAE76BF6A71E3DDC6459B9B335192D127667D7B1CEB48F6EC94A66BE48DE1FC2A7EAC637DF4AC68F7CEB9FFECEE26F3C78AD293046949E3D4DA172324367583D37B948E6E9CCBE9F7833812944780130114903ACBFBFBFAFAFEFC2850BE7CE9DEB19106E84BB6161925D4EDA59517B7B7B12613436364ECE33521A72BB5AECDCB9339CCD4FC293C6307D0C93A3F752FF7DAF6CC85E1DFCB1CA8629370B46735BCFFC751F26D71609E5CEA756EB735154D969F27B7B7BBBBBBBC3A7DBEE8D9B67DFF96F938B897CFBB7BEB8E86BF7EF5EBAACEFF0E1D1994558181E0A1542B5ECC547D62CADC84D2EC206C366B30346BC9FC01422BC0098A06C7E910C22CBCAF6BA9AFC53A2704E565555B560C1021106E30A7F2D93D3D5624C914C1FC32408BFB1EA3DC7EF787C65EE35C2A7C445CD47BFE6677FF5A13FC049303ABF3878E0C0CF7F34FF7B9FFB52F692A8DFFEAD2F3EF9E53F78F6EE7B177FE3C150C28D70379B59241D2E5EFBCE0F6A376C482E8C2AB9801220BC002835E1CC2C1B6184F65EDA2F87B85CBC7871E7CE9DE5E5E50B172E9CB4AE16638A67FA182641F8D5ADDEDD3AB3A26E4AC416B9E5D647977C63F1C637EB5B5C1575328DC82F3A3A3AC27BC287BB77AF285BF0ECDDF726E341C62CE1A167BEFA9F7EF68339356BD726D373EED9B3A7B9B939AC1E3622B980294D7801509AB211C6B66DDB441804274E9C087F12656565D5D5D5A74F9F4EFBE56444357D0C1095DCFCE2ECD9B3A74E9D3A7EFC784B4BCBDEBD7B776EABAF79F3AD5F3CFFD2CF7E30275BC2DD354B2B92AE16A142125B241D2EC28A61F5B011C9054C69C20B805216DA7E6BD7AE4D228C14BF632745D9AE168B162D8AB0334E6CD3C700F1C8E61749BE79E6CC998E8E8E24C23878E0C0DEBD7BF70CD89D2359121E0A1592D822AC12564C9250C9054C69C20B80D2978D306A6B6B4518D347845D2DC614E1F4314024B2FDB32E5DBAD4DBDB9B8D30DADADA8E1F3F7EF4E8D1D6D6D6961CE16E58181E0A1592D822E9701156D7870BA63AE105C07471F1E2C5DADADA24C208E77F69BF1C8A25FC72EBEAEAC22F3ACEAE160037E4CA801111C6D9B367BBBABACE9C39736A4032DC2CB91D1686874285506D446C21B980294D780130BD64238CB56BD78A304ACCA1438756AD5A555656565353D3DDDD9DF6CB012898DC08E3F2E5CB498A91389723BB305408D5C416504A841700D351389FDBB66D5B126168E54E75D9AE161515154D4D4D69BF1C8062C94618D9B1669747C98E38135B4089115E004C5FD908A3AAAA4A843115E96A014C6757AE21EDD7051485F00280CF1A1B1B45185348F835D5D4D4E86A01004C1FC20B00AE4A228C152B56B4B7B7A7FD5A185B535353454545F835D5D5D5499A0080E9437801C030CDCDCD0B172E14614425E96A515656B66AD5AA43870EA5FD720000269BF00280312411C692254B5A5B5B73979F3C7972F1E2C5172F5E4CE9754D3BB95D2D5C1D060098B68417005C536B6BEB9201D908E3C5175F7CE28927162D5AF4E9A79FA6FAD24ADCE9D3A7D7AE5DABAB050040427801C038920863E1C2855BB66C993D60EEDCB9AB57AF4EFB7595A04F3FFDB4B1B171D1A245E5E5E5DBB66DD3D502002021BC00202FEDEDED73E7CE9D3D68FEFCF95BB66C49FB45958ED3A74F5757579795955555559D387122ED9703001017E10500793979F2E4ECE1E6CF9F6F44C34DCAED6AB173E74E938900008C497801405E5E7CF1C5D9A3CC9B37EFF4E9D369BFB429A9BDBD5D570B00803C092F00C84B7979F9E8F022F8D18F7E94F64B9B4A2E5EBCB873E7CE7030172E5CA8AB0500409E84170030194E9C38515555555656565D5D5DC8EE2A9DEFBF347B76E5811B5D25B3C681CA1B5D1300201DC20B0028A26C578B458B1635363616E312B3992CE2A5F73B6F6C85ABA1C50DAF0B009006E1050093E7CA95CFDED973FC87550D33CAAA43F98D99AF445EEE9A5B155EE737576C7BB3BEA5B7AFFF8676B6485D2D321D2DF291934EE441800100444D7801C0643873BEEFBBAB76DCFAE892D4F3889B295F5FBCB1A5A3279FFD5DB2644991BA5A0CF59AB8B6115D2B46D53F5029AD0000A614E10500455751DF72FBAC8AA4FD7FE793AB1FAB6C58D7F471285D3DFD172E7E1673495EE7FC751F66FB89DCF2F06B3FAC6AB87225ED639A2FE10500500A841700145168E47F73C5B6A4D97FF74FDE6D3CDA9D7A1E31E1D2DCD673DFCB1B927DB9E7C5F567CEF7A57658C71B0B9293568CAA9A492DC2C26C7861D64E00600A105E005044497271CBC3AF3D5FB33FF5F4A1507D3192C12F33CAAAA742FF8B613D2F06A7E71C5A68C24E00604A105E00502C15F52D4972111AFCA9870E052C8D47BB935130DF5DB563F28F6ABE1376E6A413A3C28BC17123A20B00608A105E00501427BB7A9316FE2B9B0EA61E3714BC6C3AD071CBC3AF85BDDB7534C5A67F6E3071AD692C862DCF0E111958B3B2D255460080294278014051240346EE79617DEA414391CA63950DC9E091D40EF1B04E1523C28BC1BBC3E7EB1C9ADF22990AE3EA1A634EEA09001011E1050085D7DBD79F744C98D233745EBF74F5F4275D4B761F4BA5F3C240FC302C97C8092F464F6E91BB34493186BA5DB8F80800103BE1050085B77A576BD22B21F588A1A8E58137EAC26E3EFE8F0D937D7C937E13C33A4B0C0F20AE76B118CC2E862E39727561E64636FDD0F10200889EF00280C29B599169D53F59DD987ABE50D4F2F6EEE361377FFFA9D593796C2B678FCC2D1249678A61F37576BEFFD2A88AC3AF8C3AB892EC0200889BF00280C29B51561D5AF525769191D1A5BDBB2FECE6EDB32AD23EDE0000254E780140E17DE1FBCB43ABBEB9AD27F57CA1D82599DA23EDE30D0050E2841700145E68CF87D2D5D39F7AB820BC00002801C20B000A2F092F2698081CF9F90333CA360F2DA99F3B63E6B223E3ACB579DE8C0796B75D7B83E31AFF29C62CC99EA67DBC01004A9CF00280C24B25BC184BEE768A52841700009340780140E1DD70789157E788EB7591B85ECF0BE10500C01427BC00A0F0E21A3622BC000098E284170014DE4D85177996BAB271BA683CF8F316E105004049105E00507813082F5A96CF1C77C4C8B0BE157565D78B27AEFFA8F00200604A115E00507837D9F362CC31202DCB674E38BC18371999F09013E10500C024105E005078C5082F462E346C040060DA105E00507893115EC451841700009340780140E11529BC985B377477701449DBB207072BE75CA624334E645EBDF00200A034082F0028BC228417F57367E48417999C62F0FAA943D35B64828CC13A795D60557801003025082F0028BC428517E1C6909C9E14C3D38DA19C22537FB0DAE474BE105E00004C02E1050085578C612343256778C885C10E1757EB6766F1CC3E543F37733BD365233F13E9A921BC00009804C20B000AEFF65915A149DFDCD653EC8E0FA997644FD33EDE0000254E780140E1DD35B72A34E9371DE8483D5C287609BB79EBA34BD23EDE0000254E780140E1FDD92B1B42ABFE954D07530F178A5AB61FEE0CBB79C7E32BD33EDE0000254E780140E1BD50BB3FB4EAEF7B7943EAF94251CB63950D61376756D4A57DBC01004A9CF00280C23B7CAA27B4EA6F79F8B5D653BDA9470CC52B773EB93AECE63B1F1E4FFB7803009438E105004571CF8BEB43C3FE6F976F4B3D622852F9D9D696B083B7CFAAB8D0D79FF6C106002871C20B008A62D7D1CEA4F3C5F6C39DA9070D052FEDDD7DC975465EA8DD9FF6910600287DC20B008AE5EBAF6F0CCDFB2F7C7F79890D1EE9EAE99F51561D76EDAEB95557AEA47D940100A601E10500C5D2DBD79F5C33F58EC757361EED4E3D74284869EFEE4B928BDB67551C3ED593F6310600981684170014514B47CF9D4F6566B5BCF5D125CFD7EC4F3D7AB8C9B272676B325A24ECCEAE639D691F5D0080E94278014071F55EEABFEF950DA1C19F74C178ACB261CACD82D1DCD6337FDD87C9B54542B9F3A9D5FA5C00004C26E105004577E5CA67D57B8EDFF1F8CAA4F19F94A40B43E465F46B7EF6571F9AE702006092092F009824A1CDBF7A77EBCC8ABA29115BE4965B1F5DF28DC51BDFAC6F715554008054082F00000080A8092F00000080A8092F00000080A8092F00000080A8092F00000080A8092F00000080A8092F00000080A8092F00000080A8092F00000080A8092F00000080A8092F00000080A8092F00000080A8092F00000080A8092F00000080A8092F00000080A8092F00000080A8092F00000080A8092F00000080A8092F00000080A8092F00000080A8092F00000080A8092F00000080A8092F00000080A8092F00000080A8092F00000080A8092F00000080A8092F00000080A8092F00000080A8092F00000080A8092F00000080A8092F00000080A8092F00000080A8092F00000080A8092F00000080A8092F00000080A8092F00000080A8092F00000080A8092F00000080A8092F00000080A8092F00000080A8092F00000080A8092F00000080A8092F00000080A8092F00000080A8092F00000080A8092F00000080A8092F00000080A8092F00000080A8092F00000080A8092F00000080A8092F00000080A8092F00000080A8092F00000080A8092F00000080A8092F00000080A8092F00000080A8092F00000080A8092F00000080A8092F00000080A8092F00000080A8092F00000080A8092F00000080A8092F00000080A8092F00000080A8092F00000080A8092F00000080A8092F00000080A8092F00000080A8092F00000080A8092F00000080A8092F00000080A8092F00000080A8092F00000080A8092F00000080A8092F00000080A8092F00000080A8092F00000080A8092F00000080A8092F00000080A8092F00000080A8092F00000080A8092F00000080A8092F00000080A8092F00000080A8092F00000080A8092F00000080A8092F00000080A8092F00000080A8092F00000080A8092F00000080A8092F00000080A8092F00000080A8092F00000080A8092F00000080A8092F00000080A8092F00000080A8092F00000080A8092F00000080A8092F00000080A8092F00000080A8092F00000080A8092F00000080A8092F00000080A8092F00000080A8092F00000080A8092F00000080A8092F00000080A8092F00000080A8092F00000080A8092F00000080A8092F00000080A8092F00000080A8092F00000080A8092F00000080A8092F00000080A8092F00000080A8092F00000080A8092F00000080A8092F00000080A8092F00000080A8092F00000080A8092F00000080A8092F00000080A8092F00000080A8092F00000080A8092F00000080A8092F00000080A8092F00000080A8092F00000080A8092F00000080A8092F00000080A8092F00000080A8092F00000080A8092F00000080A8092F00000080A8092F00000080A8092F00000080A8092F00000080A8092F00000080A8092F00000080A8092F00000080A8092F00000080A8092F00000080A8092F00000080A8092F00000080A8092F00000080A8092F00000080A8092F00000080A8092F00000080A8092F00000080A8092F00000080A8092F00000080A8092F00000080A8092F00000080A8092F00000080A8092F00000080A8092F00000080A8092F00000080A8092F00000080A8092F00000080A8092F00000080A8092F00000080A8092F00000080A8092F00000080A8092F00000080A8092F00000080A8092F00000080A8092F00000080A8092F00000080A8092F00000080A8092F00000080A8092F00000080A8092F00000080A8092F00000080A8092F00000080A8092F00000080A8092F00000080A8092F00000080A8092F00000080A8092F00000080A8092F00000080A8092F00000080A8092F00000080A8092F00000080A8092F00000080A8092F00000080A8092F00000080A8092F00000080A8092F00000080A8092F00000080A8092F00000080A8092F00000080A8092F00000080A8092F00000080A8092F00000080A8092F00000080A8092F00000080A8092F00000080A8092F00000080A8092F00000080A8092F00000080A8092F00000080A8092F00000080A8092F00000080A8092F00000080A8092F00000080A8092F00000080A8092F00000080A8092F00000080A8092F00000080A8092F00000080A8092F00000080A8092F00000080A8092F00000080A8092F00000080A8092F00000080A8092F00000080A8092F00000080A8092F00000080A8092F00000080A8092F00000080A8092F00000080A8092F00000080A8092F00000080A8092F00000080A8092F00000080A8092F00000080A8092F00000080A8092F00000080A8092F00000080A8092F00000080A8092F00000080A8092F00000080A8092F00000080A8092F00000080A8092F00000080A8092F00000080A8092F00000080A8092F00000080A8092F00000080A8092F00000080A8092F00000080A8092F00000080A8092F00000080A8092F00000080A8092F00000080A8092F00000080A8092F00000080A8092F00000080A8092F00000080A8092F00000080A8092F00000080A8092F00000080A8092F00000080A8092F00000080A8092F00000080A8092F00000080A8092F00000080A8092F00000080A8092F00000080A8092F00000080A8092F00000080A8092F00000080A8092F00000080A8092F00000080A8092F00000080A8092F00000080A8092F00000080A8092F00000080A8092F00000080A8092F00000080A8092F00000080A8092F00000080A8092F00000080A8092F00000080A8092F00000080A8092F00000080A8092F00000080A8092F00000080A8092F00000080A8092F00FEFF76EC58000000006090BFF5347614460000C09ABC00000000D6E405000000B0262F00000080357901000000ACC90B000000604D5E000000006BF202000000589317000000C09ABC00000000D6E405000000B0262F00000080357901000000ACC90B000000604D5E000000006BF202000000589317000000C09ABC00000000D6E405000000B0262F00000080357901000000ACC90B000000604D5E000000006BF202000000589317000000C09ABC00000000D6E405000000B0262F00000080357901000000ACC90B000000604D5E000000006BF202000000589317000000C09ABC00000000D6E405000000B0262F00000080357901000000ACC90B000000604D5E000000006BF202000000589317000000C09ABC00000000D6E405000000B0262F00000080357901000000ACC90B000000604D5E000000006BF202000000589317000000C09ABC00000000D6E405000000B0262F00000080357901000000ACC90B000000604D5E000000006BF202000000589317000000C09ABC00000000D6E405000000B0262F00000080357901000000ACC90B000000604D5E000000006BF202000000589317000000C09ABC00000000D6E405000000B0262F00000080357901000000ACC90B000000604D5E000000006BF202000000589317000000C09ABC00000000D6E405000000B0262F00000080357901000000ACC90B000000604D5E000000006BF202000000589317000000C09ABC00000000D6E405000000B0262F00000080357901000000ACC90B000000604D5E000000006BF202000000589317000000C09ABC00000000D6E405000000B0262F00000080357901000000ACC90B000000604D5E000000006BF202000000589317000000C09ABC00000000D6E405000000B0262F00000080357901000000ACC90B000000604D5E000000006BF202000000589317000000C09ABC00000000D6E405000000B0262F00000080357901000000ACC90B000000604D5E000000006BF202000000589317000000C05A92C756655F4B91610000000049454E44AE426082, '1', 'testjbpm.png');
INSERT INTO `jbpm4_lob` VALUES ('3', '0', 0x3C3F786D6C2076657273696F6E3D22312E302220656E636F64696E673D225554462D38223F3E0A0A3C70726F6365737320786D6C6E733D22687474703A2F2F6A62706D2E6F72672F342E342F6A70646C22206B65793D227465737450726F65737322206E616D653D2274657374223E20200A20203C737461727420673D2239392C3133342C34382C343822206E616D653D22737461727431223E200A202020203C7472616E736974696F6E20746F3D22E5BC80E5A78BE58886E694AF222F3E200A20203C2F73746172743E20200A20203C7461736B20673D223333332C3132372C39322C353222206E616D653D22E5BC80E5A78BE58886E694AF2220666F726D3D222F7461736B2F746573742F6B73667A223E200A202020203C7472616E736974696F6E20673D222D31362C2D323222206E616D653D22E58886E5BC802220746F3D22666F726B31222F3E200A20203C2F7461736B3E20200A20203C7461736B20673D223630342C36352C39322C353222206E616D653D22E58886E694AFE4B8802220666F726D3D222F7461736B2F746573742F667A79223E200A202020203C7472616E736974696F6E20673D222D31392C2D323922206E616D653D22E4B880E588B02220746F3D226A6F696E31222F3E200A20203C2F7461736B3E20200A20203C7461736B20673D223631362C3230382C39322C353222206E616D653D22E58886E694AFE4BA8C2220666F726D3D222F7461736B2F746573742F667A65223E200A202020203C7472616E736974696F6E20673D222D32342C3722206E616D653D22E4BA8CE588B02220746F3D226A6F696E31222F3E200A20203C2F7461736B3E20200A20203C666F726B20673D223439312C3133322C34382C343822206E616D653D22666F726B312220666F726D3D222F7461736B2F746573742F666F726B31223E200A202020203C7472616E736974696F6E20673D222D34392C2D323822206E616D653D22E588B0E4B8802220746F3D22E58886E694AFE4B880222F3E20200A202020203C7472616E736974696F6E20673D222D33342C3222206E616D653D22E588B0E4BA8C2220746F3D22E58886E694AFE4BA8C222F3E200A20203C2F666F726B3E20200A20203C6A6F696E20673D223738322C3133312C34382C343822206E616D653D226A6F696E312220666F726D3D222F7461736B2F746573742F6A6F696E31223E200A202020203C7472616E736974696F6E20673D222D31372C2D323722206E616D653D22E695B4E590882220746F3D22E695B4E59088222F3E200A20203C2F6A6F696E3E20200A20203C7461736B20673D223931382C3132362C39322C353222206E616D653D22E695B4E590882220666F726D3D222F7461736B2F746573742F7A68223E200A202020203C7472616E736974696F6E20673D222D32372C2D323622206E616D653D22E7BB93E69D9F2220746F3D22656E6431222F3E200A20203C2F7461736B3E20200A20203C656E6420673D22313132302C3133302C34382C343822206E616D653D22656E6431222F3E200A3C2F70726F636573733E0A, '1', 'test.jpdl.xml');
INSERT INTO `jbpm4_lob` VALUES ('4', '0', 0x3C3F786D6C2076657273696F6E3D22312E302220656E636F64696E673D225554462D38223F3E0A0A3C70726F6365737320786D6C6E733D22687474703A2F2F6A62706D2E6F72672F342E342F6A70646C22206B65793D227465737422206E616D653D22746573746A62706D223E20200A20203C737461727420673D2238382C3132312C34382C343822206E616D653D22737461727431223E200A202020203C7472616E736974696F6E20673D222D31382C2D323522206E616D653D22E5BC80E5A78B2220746F3D22E88A82E782B9E4B880222F3E200A20203C2F73746172743E20200A20203C7461736B20673D223533352C34372C39322C353222206E616D653D22E88A82E782B9E4BA8C2220666F726D3D222F7461736B2F746573746A62706D2F6A6465223E200A202020203C7472616E736974696F6E20673D222D31302C2D323822206E616D653D22E5AE8CE688902220746F3D226A6F696E31222F3E200A20203C2F7461736B3E20200A20203C7461736B20673D223533372C3138342C39322C353222206E616D653D22E88A82E782B9E4B8892220666F726D3D222F7461736B2F746573746A62706D2F6A6473223E200A202020203C7472616E736974696F6E20673D222D31332C313022206E616D653D22E5AE8CE688902220746F3D226A6F696E31222F3E200A20203C2F7461736B3E20200A20203C666F726B20673D223432382C3132322C34382C343822206E616D653D22666F726B312220666F726D3D222F7461736B2F746573746A62706D2F666F726B31223E200A202020203C7472616E736974696F6E20746F3D22E88A82E782B9E4BA8C222F3E20200A202020203C7472616E736974696F6E20746F3D22E88A82E782B9E4B889222F3E200A20203C2F666F726B3E20200A20203C6A6F696E20673D223730392C3132362C34382C343822206E616D653D226A6F696E312220666F726D3D222F7461736B2F746573746A62706D2F6A6F696E31223E200A202020203C7472616E736974696F6E20746F3D22E7BB93E69D9FE88A82E782B9222F3E200A20203C2F6A6F696E3E20200A20203C7461736B20673D223232362C3131372C39322C353222206E616D653D22E88A82E782B9E4B8802220666F726D3D222F7461736B2F746573746A62706D2F6A6479223E200A202020203C7472616E736974696F6E20673D222D32382C2D323122206E616D653D22E5AE8CE688902220746F3D22666F726B31222F3E200A20203C2F7461736B3E20200A20203C7461736B20673D223837382C3132352C39322C353222206E616D653D22E7BB93E69D9FE88A82E782B92220666F726D3D222F7461736B2F746573746A62706D2F6A736A64223E200A202020203C7472616E736974696F6E20673D222D31342C2D323522206E616D653D22E7BB93E69D9F2220746F3D22656E6431222F3E200A20203C2F7461736B3E20200A20203C656E6420673D22313036392C3133302C34382C343822206E616D653D22656E6431222F3E200A3C2F70726F636573733E0A, '1', 'testjbpm.jpdl.xml');
INSERT INTO `jbpm4_lob` VALUES ('5', '0', 0x89504E470D0A1A0A0000000D4948445200000546000002720802000000876F8D03000043F049444154789CECDD7F7055D7612FFA3BD33FF35F3A99B9CFEDF4E6E54E6F5FDC975B77EEDC8C33D37B87CECD9BDCCEBCD734376DD3E6BEDEA4756BFBB54E53A721499338764C1C482DDB728C63D9C106DB32C83618D5901808981F32881F02190B105802F14B96018182408030B5DF3A5A7038D29184A473A47D96F4F9CC1ACD39FBECBDCFD95B679DBDBF7BEDBDF6BFF90000000048D0BFC9FA03000000001321D20300004092447A0000004892480F0000004912E90100002049223D0000002449A4070000802489F40000009024911E0000009224D20300004092447A0000004892480F0000004912E90100002049223D0000002449A4070000802489F40000009024911E0000009224D20300004092447A0000004892480F0000004912E90100002049223D0000002449A4070000802489F40000009024911E0000009224D20300004092447A0000004892480F0000004912E90100002049223D0000002449A4070000802489F40000009024911E0000009224D20300004092447A0000004892480F0000004912E90100002049223D0000002449A4070000802489F40000009024911E0000009224D20300004092447A0000004892480F0000004912E90100002049223D0000002449A4070000802489F40000009024911E0000009224D20300004092447A0000004892480F0000004912E90100002049223D0000002449A4070000802489F40000009024911E0000009224D20300004092447A0000004892480F0000004912E90100002049223D0000002449A4070000802489F40000009024911E0000009224D20300004092447A0000004892480F0000004912E90100002049223D0000002449A40780717BFFFD0F7EB6FBE8F7EA9B6655AD0CE557EE7CAAC2CBAD73EBC3E7FC6A5DE30B5BDBFBFAAF64BDFE0080F210E901601C4E9FEFFFE6D2ED1FBE7B51E629BD94F2A5851BDA4FF466BD2E01805289F4003056B55BDB6F9A5D1B53F12D7396DDB3BC6975CB3BA19CE9BD72E1E207955CE2E77C70F55BF9730A3EF495A7BF57DFF4FEFB59AF5300A004223D00DC5888BE5FAD6B8C61F8338FBED67CB827F3943EE1D2DAD9FB8527D7C565F9EC4FD69C3EDF9FF5DA05002648A407801B8B79FE435F79FAB1B5FB32CFE4E56AB78F970FCCAA5AA9AD1E001225D203C00DD46E6D8F793EC4E0CCA378194BF3E19E781DC137976ECF7A1D03001321D203C0688E9FE98BB9F7A98D07320FE1652F1BF79FF8D0579E0E4BB7F37077D66B1A001837911E0046134FB9FFECE36B328FDF9354EE59DE144FBFCF7A4D0300E326D203C088FAFAAFC446ECA4FBC31BBD9CE9BD124F43D87544433D002446A40780112DDBD9115BB0330FDE935A6E7FBE212CE6BDFFD294F5FA0600C647A4078011DD599BCBBA735636679EBA27B5BCBAEB6858CCDFFDC1B2ACD73700303E223D008C6856D5CA9075A75947F7C5A5ABA73F2CE64DB36BB35EDF00C0F888F40030A28F7D7B49C8BAAD9DBD99A7EEC92EB1CB80ACD73700303E223D008C28A4DC50CEF45EC93C728BF4004031911E00461423FD847372FB923B67CDDB9A7BDC50356B56D5A6314CB269DEACDB97744E7DA48F4B9AF5FA0600C647A40780119514E90FBD7CFBAC3B171FBA9ED5AFC67B911E002813911E00465442A4DF3A77D6ACB90D43870C8AEBB9A6FB31BA7E6840A40700F2447A0018D144237D517ABFC170ADF400C04488F40030A28944FA81B6F7C1EDF385A573F11DB346B9AE5EA40700C64EA40780118D3BD20FBE7E7E0CB13FD76E3F9A3B5E6E17E901801188F40030A2099E783FEA45F2C334C287F18789EEB9F6FCEB238FE3C2FB51CE1110E901605A11E901604425DEC4AEE82CFAC1297DB431076E8037B6FBDE69A50780194BA40780119516E973017E7083F988917EE00CFCEB67EC0FE4F949EFE55EA40780D489F40030A292EF4B3FA499BDF8CE76C3BC9ABB83FDD4E679911E001225D203C0884ABC2F7D5183FCE8913E36CE4F5D9778223D00A44EA40780114D30D2E7DAE767CD9AB775E8F05C1777C335BFE7BBBE8B613E4E7EA33BD88BF40080480F00231A7FA42FBAEDFCB57C3E4C77F7F9245F1CFE0B1BED674DC579F8223D00A448A4078011DD34BB3604DDD6CEDE296B2DCFAAC425CD7A7D0300E323D203C0886E9D5B1F82EEC6FD27328FDC935DC2627EF8EE4559AF6F00607C447A0018D19F3DB52E64DDA7361EC83C724F6AD976B03B2CE6CDF7BE94F5FA0600C647A40780113DBE7E5FC8BA5F78725DE6A97B52CB3DCB9BC262DE59DB90F5FA0600C647A40780111D3CD91BB2EE87BEF274C7C9BECC83F7E4955BE62C0B8BF9B3B78E66BDBE0180F111E90160349FFDC99A1077FF7E4963E6C17B92CA735BDAC302DE34BBF642FF95AC57F650FB97DF37AC27DEE8CE8FD3FDC613F72DDF9FE18704800C89F400309A9D87BB6343FDB683DD99C7EFB297AE9EFED8D7FDE3EBF765BDA647365C6A0F693F067B911E80994CA407801BF8D2331B42E8FDD8B7974CB3D3EFCFF45E9955B5322CDAAD73EBDF7F3FEBB53CA2EB99BD30BD8BF400F081480F409E939C47D2D77F25DECDEEE67B5F6A3EDC9379142F4BE9EAE98F79FEA6D9B5074FF666BD8E47948FEE03AE7F01457A00F840A407602827390FA7FD44EF2D3F58166FDEFED8DA7D9907F212CB4B3B3AE2F9F66171761EE9BEF1F26765F8E34CB9AFA0EF24007C20D2033098939C47D477E9CA17066E531F9BEBEF59DE94DCD5F5AD9DBD0FAE7E2BF66F1FCA2D3F5856C9EDF32309DFC6F01DF49D04800F447A000A39C97974EFBFFFC1CADD47439E8F913896D8DC5DE1A5F8333FF48BB732B97E7EF8AB3B466A8BCF2BFAE6F94E02C007223D00D739C9796C42125EB6ABE3CEDA8624C27C61F9F0DD8BBEBC70C30B5BDBC77EBFBAFAFAFA86868673E7CE4DEA2A1D49EEFB36C297D27712003E10E901189D939C67B89E9E9EB56BD75655552D5DBAB4ADAD2DB3CFA1951E008623D20350E486F169A4CEF16F78FA34C96A6969A9ADADADAEAECEA6D15EA40780E188F4005C35434E727EE08107865DCC071F7C30EB8F9680CC1AED47FEE64D83EF24004C98480F409169DD22BA78F1E221617ECE9C390F3FFC70535353D61F2D2553DD683FF8805341278ED3E13B09001326D20350645A47FA903F43862FCCF3AFBCF24AC8A5597FAE244D72A37D618E2F4CF1030AAEFE48FC2B09001327D20350645A9FE4FCDE7BEFFDE4273FC9E7F9D75F7F3DC4D1AC3F54F232BED21E00662A911E8022D3F424E78B172F86C01962E78A152B6243FD9A356B162D5A14427ED61F6D9AA894EEF10160C610E901B86A1A9FE41CC2FCFAF5EB43980F8133B6212F5EBCF8C9279F5CB0608126E5C9A0D11E00A686480FC07416F2640CF3E16F08F685C3C3C0AEAEAE0C3FDBB4976FB4AFAFAF3F76EC58D61F0700A621911E80E92984F655AB56158779A65E7373F382050BE6CF9FBF63C70EFF0B002823911E80E9A6A7A72786F9C6C646D7C9578E53A74EAD5CB952A33D009491480FC0F411C27C888BC27C250BFF178DF600502E223D00D3413ECC87B898F567614C34DA0340E9447A00D2D6D5D555575727CC274AA33D009442A407205531CCD7D4D4B4B6B666FD592895467B009800911E80F4747474D4D6D60AF3D38F467B001817911E80948430BF68405B5B5BD69F8549A4D11E00C642A407200DADADAD31CC87549FF567618A1436DA8707EE6200004388F40054BA10E66B6A6AEAEAEA84F919EBD4A953F5F5F55555552B57AE0C8FB3FE38005029447A002A577373730CF35D5D5D597F16B277F1E2C51D3B76CC9F3F7FC182051AEDCBABFB8D279E78A3BB70C8FEE5F70D19522C8C132CDF3F999F8C8CE5FEC943FFC5E1EB32867FFBD8C6024A25D20350894260ABAEAEAEAFAF17E62976ECD8318DF665113257B15C922F8EF8457281EDBEE56F0CFC95DBA6ABEBB13C1EBF19DEF0DF15911EA686480F400589D74EC730DFD3D393F5C7A1A269B42FA32111BEBB28EB17B7E1E7870D3CAEDCE8F6FEFB1FFC6CF7D1EFD537CDAA5A19CAAFDCF95485975BE7D687CFF9D5BAC617B6B6F7F55FC972DD8D14CA87193E5AE21F4BFE07264CA407AEB3DF4386421E6B6C6C14E699008DF613375C108B2DEFD78257517ABB1AF70705B3C2845F394E9FEFFFE6D2ED1FBE7B51E65BAB52CA97166E683FD19BC90ACC1FE7197AF2BD13EFA19288F4408EFD1E32940FF3AB56AD3A77EE5CD61F87545566A3FDFB03FEB5481C9EF5A7BB7EC5FCB556FA98D7C3C3AB216E702ABBD6783F5C78BF7A70A062727DEDD6F69B66D7C6ADC32D7396DDB3BC6975CB3BA19CE9BD72E1E207955CE2E77C70F55BF963EB1FFACAD3DFAB6F9AFAEF4BD1C51823B4BB5FFB86DCB8A5BE62BE1E93EDFD1164FDB9989E447AC07ECF0C5509492364B0F5EBD757555509F39451E534DAC72A76E64CC7E9D3ED274F1C0CA57FC07BEFBD77E5CA9558DD32FC7839C3B6D2EF2F7CF1DAB36B816EF9F211735B6CDECF3CB78595FAD5BAC6B851F8CCA3AF351FEEC97C6B35E1D2DAD9FB8527D7C565F9EC4FD69C3EDF3FD56B732CDD248E30EED056FAF1CC2A39859BD450BB431DBF5C245FF12BE8A01ED382480F339AFD9E0918DC57D030E7148EF182C26C776C324F1A31CC57575787BFE1F1A4BE173353E68DF6D76AD9C1677EF2F17C397EACF5DCB973172E5C08D5AD5252FD40567FE2892706E5F9EE6BE7DE57E629F5A38ADBB50F7DE5E9C7D6EECB7CDB5496B2BAE59D781ADDACAA9553FB7DD9BF7C3CFFFB9919E9F3613EFCC8F49DED3DB87D67CB2FD66FF8E9B3EB9F5C184B78FAF6966D3DDDA7FBFAFAC2EFD2A54B9762BC17EC2917911E6634FB3DE396DB43B9BE4B3242A8FFE0FACB83775F2A647F26DBA411DE65D5AA55C23C53A6B0D17ECABA6988B5ECF4E9F650B9163EFEEB4F3FF6EF42090F9E79E2B70EB6BF193E46A808E1FB9FDFAD9F9A4F552C7F7C31DF3D5E2EC3BDB17C708ADF5FF07CF48396D9FFC2D56E6D8FDBB5B039C87C9354C6D27CB8279E4FF7CDA5DBA76C650EFA672FDF3FD299F7834FEBA8E083D9E5960FF321C96F7E6EC9822FDEF6F55FFBF83FFCEAFF3E6C092F3DF9C77F11A2FE89CECE50FD43BC0FD95EB0A72C447A98B9ECF78C5F7184DFBF7C945D948A8CF419268D7C986F6C6C14E69962B1D13E7CFD6A6B6B5B5A5A26F5BD8A6BD9EE371F79735775BEAEBD7D60C7A953A77A7B7BB34FF5235F1F3D6C661BF8191BE94066F6BF70C7CFF4C5DFFFA7361EC87C6354F6B271FF89B0C90E4BB7F3F014ADE52167680CD7DDDDA06185DF80EBF17ED897D317AB7988E5EB9F5C78CFCD9F2C8CEE3FFA2FFFBDFA0F3E5F7BDB5DA18407E16961D40F23AF7AF489EE93A78A837DD6CB44AA44FA4934E48A9A61155E5193F5E76566B1DF337E23A5F791537DE545FAAC92464F4F4F7D7D7D0CF315D2691933565B5BDBD2A54BABAAAAD6AE5D3B198DF6C5B52C54B13367DFE8F9E5E65C5D7B3C57D79E7EFC3FEC6FDD16EADAD9B367B34FF543DCE077AAA2237D3CF5ECB38FAFC97C333449E59EE54DF134B44C56EF0D23FD55D7FA60B8FADAA887BE1315AB79E7DEFD0F7CEAD331A87FE3377E7BE197EFD8FDDC0B17DBDAAE1C3D3AA48481BB9E5D1C46C867FB399FFCFDBD9B369F3E7D3A1E46BF7CF97205FD08901A917E52E4AFA8E9EFEF0FB5B4AFAFEFFCF9F3E78A8481F1A29A78FDAA9ACC54B2DF333E37B8ED726CE72A7ABDC2227D2649231FE62BA70772F860E09C91868686B237DA0F5BCB42150B15ADB8AEB5EEDB5A21A97E684BEB68274B576EA4EFEBBF120FE626DD2FCCE8E54CEF9578387ED791A95AD1F9EFC3136FECBF61A48F2317F6A858D837C37409F6B19ABFB96255CCE7777FE4DFD7FDDD3FF634BF599CE48B4B18ADF6B6BBC224B13D7FC30B2F9E3C7932FC08844420D53361227D99E5C3FCA54B9742625FD138FF81857FFEFFFDF03FFDF9B77EE37F7CED237FF40FBF1A4A78109E8681E1A557B7CC3F7DFA74A8C9616427DE3065ECF78CD71363D91189B17FE4BEA0B3BDA670EA93465757573ECC4FC612415994B1D17EA4A366677EB9F9ECF9A6F3E79BCE0CD4B80A4CF5239E3C3D8CCABD967ED9CE8E782437F30DD0A496DB9F6F088B79EFBF344DC12A1D72D1C568D7D20F7764BBA8057F3A04FB7C9E8FB1FC814F7DBA7363C358C27C6139B67EE39C4FFE7E3C1CB0EED917C2E632FCF848F54C98485F368561BEF7DCD9F94BEFFA9BFBFFE39FCEBEE96FE7FEE77F7EFE7F2DDB54B5ABE3B577CEB786121E84A7616078298C10460B23BF7B225799057BA686FD9E8918753F76C413EF8BAEBCCF645F668A9346D83BA9ABABABA9A911E649C5288DF6C78F1F7FE699676ED8FBC34847CD42393F50CB628907D12A27D58FE542FAC1BF7295DB4A7F676DEE377FCECAE6CCB73E935A5EDD75342CE6EFFE60D9D4AFE1B19E783F96D7D214AB79CB2FD6C73CFFE41FFFC5B0A7D98FA58409E77FF6CF62AADFF0C28B523DA510E9CB23D6F050092F5CB850BBFABEDBE7FCCE5FDE7BF3A32FDE71E0C4969E2B4747296184305A18394CF2FCEAFBE2B9376126EA3393CA7E4F298A765A0777823FE4850A88F45399348E1D3B16C37C6B6BEBD42C1D945771A3FD238F3C1202EDFCF9F34749F5239E053350CBCE5E2BF1713C3B66F79B8F5448AA9F366655AD0CBFF9D3ACC3D7E2D2D5D31F16F3A6D9B559AFEF19277FFDFCB73EFA8910C5ABFFE0F3970F1F9E589E8F254CFED0673E17AFC3DFB5619354CF8489F465106B787F7F7FA8843F78E64FBFF84F1FADAEBB7DF4245F5CC22461C230796767E7993367C2ACC20CD5672689FD9E1214E7F411237D71809FFA483F6549A3A3A363D1A2450B162C10E69906F28DF621C9E79BA9474AF5C3F63A597816CCF9825A96AF6BA148F5E5F5B16F2F09BFF9AD9DBD996F7D26BBC44BE7B25EDF334EA892A17AC613E6EFBBE5F7CEEFDD3B6C503FB975FBFAB90F3DF9C77FF1D8673E174BED6D776D9B5F33ECC86126F77DE253718607F6EF3F71E244FE47C02F006327D2972A9FE7BBBA3BBEF1E3FFEBAE1FDDDAB0EFC5F1E6F958C28461F23093B73B5ABABBBBC3FE8454CF24B1DF3371C39C4738D2CDE987C9EF531CE9A72669C4301F840753B668300572BBEF73E6149E7C5E9CEA8B6B59F39B0F9F3EB3F14CCFC6DE735B73A5777B283DBDDBE2D3FC833042286164A9BE5CC2AF7D28677AAF64BEE9496FD3C68DC49ABEFAA1C742FCFEDABFFDCD61AF9F0FF93CA4F791EE4BFFAD8F7E2244FDE2A9C2ACC20CC308CF7DF7FEB0193D79F2648800972E5DF20BC0D889F425C9E7F950F74214FFD6639F3971F1ED89E5F958C2E461266156478E1C09DB75A99E4962BF67A286BD15CFF0917ED8A15319E9A72069B4B6B6D6D4D408F34C57757575C597943FF4D043F9545F5CCB7635CF3BD5FD7A28677AB6E4CAD937C2DFDDCDF3B6367C2D96B7F73F75F5A59E2D71CC3089545F1671D356DE8D48FB923B6F5FD2593864D3BC5943861497304E30B761B2366D7149B35EDF334BA88C7D677BE329F7AF7EFD3BC5C9FCE8DAF5F1D5D1CB937FFC17C5CDFBCBBFFA8D78FAFD5BBB7685399D3E7DBAAFAF2FFE0264BDDCA441A42F49BC7E3ED4BA394FFFC95D3FBAB5C43C9F4FF56156618621D5777777E7AFA8C97A59995646DFEF89FB2237747D9FA6A16AD61D2FB717ED06CD9AB775F4FDA4AB2384C967556D1AC34ECC5876A42671BF67841BD50D17F307461DE116F65313E9273B69ECDBB72F84F91078BABABAA6607120130B162C18B6A3B879F3E67D305C2DDBB67DDE3B27568772F2F4867C39B0FFC9F06ABE3CFFD46F15BEDAF5EE9A307E9850AA2F5DF9227DE7E23B46D8EA1D7AF9F6A2EDDD305BB759558B07FE8E65D326D257BE58D937FCF4D918BC7B77B7F41F3C58583A7EBE6A2C793E967FFED4A7874C1E6618EF87F7F20F1F6C6F6F0F1BD6F00BA0A19EB113E9272ED4B1B0ADBD70E1C2B3ABBEFBC57FFAE884CFB71FF60CFC30C345AF7DF7E8D1A367CE9C096FE18A1ACA6BACFB3D45597DD8503D5C7ADF3A77D69D8B0F8D3CE7B057543042EE20C2A8F93FF3483F34CD0FBE93CF187BCBFB60AA22FD64278D679E7966C992259D9D9D7E9798B18A6BD9F6AD738E1F5D79BC7345D789D55D03D52DFEDDB7EFC785152D943842BE74BE939B2A4C2ED597680A5AE907E2FA0847B7F39BB36B5BB781C79392EA45FA2916F7F9ABFFE0F32175D7DE76D7F9BD7B879490D2C798E76379F5EBDF1934873D7B177EF98EDC2DF1FEEB1FECD9B3A7B0A15EDD672C44FA890B9BD84B972EF5FCF2F4DFCCF99DB1F687F7DE387ACB0BB3DDD7BA27EC34E70FD465BDC44C1FE58DF4C503C34ECFD5130E73D1BDF8E4C310F8870CCC0D1934935CD3FD188D76EC6006EEF7481A30D98A6B59E3D67B8F1D5FD6717459A835478EE74A7810CB5B2D0F0FA96871847C39FACE8A386D9889BA568A7246FAE1B6417397E4B668D73655B996FC411BB281EDDD904D5261C217E9D315CFBA8F37AEDB5DBBB8A7A9A9A769C7C0DFA69E1D3B56DF33675C793E968E9FAF0AD35E9DCF8EA6DDCFBD106F68D7B4755B7B7BFB891327CE9D3BE7445DC648A49FA078B8EEFCF9F3D52FDDF197F77EBCBBFF6077FFA153970F86D21DFEF61FCA3DEDCF3DC83DBE1C4B78E9D0C090DCC8619253E1E9E538426EC2DCF0CBD7065E3E14661B661E6AF5C99327C31B39504719952BD217B5570CECB884DD9AC226F7A1E7D517A5F71B0CBFC10105FB3D85240D986CC5B5EC8DCDDF39D451972B479687FA12FE1E3E7ABDEC6E9E37A4A21D3EB2FC50C1088707C66F3BF46298439895BA36C4C30F3FFCEAABAF8E7207C1BC3247FA81CDDFB556FA782A7ED8C65D3D243DF8F4B46B27EA0F774EFED56BD96E74BABE4D5B26C6F8ED0AB5EFED2DDB42E4FEFAAF7DFCE4C68D43CA3D377F720291BEF6B6BB86CC277692B7E2D9DA03FBF76BD2635C44FA09BADA44DFD3F3D7DFFF3F1F5A725BD785D6770A4A78DAD537F0373EED1B181E87F4EDEFBAB0BFEBDA68D7C7BF70759CFCD330DB30F396969663C78E853752ABB9A1F2EFF78CA9953EECDFC4C41E4FB60F7B3655738BAFC6BF7ED9FC283D06C5BDA2114F5314E9472769C0642BAE651B377CEB405BEDDB075E0835255FDA0FBD1C4A7CBCABA8A2158E931F2D57DA9E0FB30A3354D70AC5EB9BEEBFFFFE679E79E6DD77DF1D65CC496FA5BFB6F11A7446FDD5C6F95973E78D7872596CDE2F6373FD8CDAB44DAA317EBBAE5CB9B2E5C565216FFFE8BFFCF7E3AB5ECB95D756C5B26D7ECD04F27C28F7DCFCC9633FFB596E26D766F8C0C0D9FB7555D585E7DE87B79ECA1542A244FA89C837D1BFB4FE9FFF64F64D4D877F7EF86CF3407933FC3D121FF7E61EC4C7477A9BAF8ED0FB661CE7706EC89B4772E5FAC8F9118E0C4CD2D4F1B330F325EBE6B6B5B569A8672CCAB3DF33DE33DEF3B13FB75B133B042A8AE5F1CAF98641D7CF8FBE2335B0E7946B0C19CD181A3DA6C77ECF580ED6481A30D9622D3B73E660412D9BBD77FFA2504205C9974D1BFE76EDAABF5CB7E6CBF1EFCFEB3F37A4A28581F912C67963F37762150B25CEADB8AEF5F6F686BA1676EE67E0C1FDC28E09BFFFFDEF3FF2C823DBB66D1B76CC325F4B3F90D56FBFE3CE4179FED0B573EF073655E33DCA5CAE32D2A6ADBEBE7E5159D5D5D5AD2FB78E721B4B4B4629DFAEB8DBBFFEC985B1BFFA43AFBC52585EFDFA772616E9431932AB78ADFE73DFBD7FF7EEDD61B95C4ECFD889F413116F5C17F665EFFBE9E7EE78E0770F746F3970BAF1ED58BAB7C472A03B3C8E431A0FE4CAC0C0D3038F07C61CF8BB6560F8C0D3FCABF16978E9F49630F37B7FFAB93D7BF61C3F7E3CBC5DBCA15DD64B4FE52AFF7E4FD86519DC6BDDB097CD5F1D325CBFF7E33D6430CCEED1F0B3CDB5E78F655F6A7A44FA1B1EAC9134600A848A76E64C47612DDBB3EFA72D7B9E8AB523947D079E0D7F8754AB1B96658BFF6BE11CC20C43797DEDEC7C5DDBDFBA2D7F5FDBB234D97575759518A24A0C75AB56AD1A7BAA1C72BB81071E7820FC18565555152F57D9227DDC4E0D3AF13E6CFEEE5CBCA46A704B7BE1F562A31F832EF3E5F4236DDA7A7A7ACA10910BB4B6B6969EE18728EF418760DEBC79C3DE9962C2E22D2D0A2BFEE5CB97D73DF174C8DB0BBE78DBDB8B171796DAFFF957138EF49BE75515CEEAC93FFE8B18E977EDDA152FBC8DF7BD12E9B921917E22C29E6BD8853D7D3AD7315E48F52DEFBEDED23550DE7DFDAD6B6560E0BA30F0ADAED7AF8EF0EEBA96383C3EE81A186D6084DC24D71EB45C9FFCF590E7C35BECDCB9B363E0585D78533BCDA918D726B3B9B9B92C9BC3B2EFF71477655F14E9AFF70F746DBF67F8DD9AE293ED879DD5B0297DD8E30863EC46B85C4D191368A918EF9ED328ED0C373C58336D920654B2AB27C23CF15BA196858AD0B2E78950F6ED7B269450E342890F2650D1E284F9F9C439C7BAB660FE6FEE7E7353676767486BF10E38C5BFF6E3555353535A865A34DEDFC3211A1B1BC7FEDB98FFD80B172E7CE69967C2466DC99225478E1C29FE0795B395FEDAE9F4A32BD8B4E5AF412B2E37BA054CF9223DE395FF76BDF4D24B2FBEF8627575F5CA952B435D2B1C6748A46F7DF6D9C25262A42F9CD590489FEF214FA4E78644FA89087BAE7D7D7D6147F60BDFFCF59A155F6B3AF6F3A6633F1BF89B2B3BE383A3F981E1EFCF760E0CD9191EC7E147E338F9A9AE0D291818460E330F6F11F6DD43C50E6F3703AFA81957222A57301E56F8951FD70ED3B8661EE2E5B83EF994EDF71467E961AE666FA8BAD66350DC6529DE7729EA1678F881A334BC0F9AE7409E1FEBEE51B99A3226D05231AEEFC0A2F1B7331436235448D298C4DF02A800A1A29D3C713056B48D1BBE150F72C5E365F1B0572CA51C3B2B3C7C164F8A0915AD69C7BAC3870FE70F9F65BD1AA65AF8B95BB66CD9B3CF3E1B36C43B76EC18E5E8E764DCC46ED0C66EB433D144FA248DE5DB5518E9E77FF6CF86B4D22FFFEA37261CE987CC2A7FE2BD48CF7889F413112FA40F35ED73777FE495AD0F6F39F4CA968EE55B0E2D6FECB85E72433A5E69EC78253ED87275E02B61E48111E24BF1692C5747CB8F1906869987B7D8BC79F3810307C2DBC5CBE927F08105E3618D6BB50C39645B99CABDDF33CC5EC8F01DD4C5D68CABFB3A638BF40317DE6F1AFA76A3F49C77F5D5F1DE10687AECF7E46BC448CD0892064C817C455B78ADFBC95835DADA9E8F97A8C4BF13A868F92B5CF217B9E43BA40C156DFBF65F1C3C7830EC06F4F6F6CEC08A366FDEBCDADAB06EDB6E3866D923FDA053D58AAF1A1B94F045FA248DE5DB15237DBE7BBC2117C097D23DDE9059CDF9E4EF87E12FFFF041919EF112E92722E4EA50C7BABABAFEE81F7E75EDBE6737B5BF184AC3C0DFAB0FDAE2D397069EBED4D0F6D2E057C3F0DC9038B0A12D3FF94B579FE6C6CF8DB06EEFB3E12D1A1A1A5A5B5BC3DB85378D917ED1384FBA138C6788F2EEF7E4C2F3E0B3EE478CF4F91D9DDCF86389F4C3DEAF6EF4487FED8679E3BC0FD0F4D8EFB9E1C11A4903A640EC49E7F8B1D6A71FFF0F03D79EFCBBCD5BEE8DB523F62B19FF6EDAF0B7AFAFB92D5F8A3BAD287C3594C6ADF70EE98A32CC365FCB366D5CD1D2D2A2A28DC5A447FA1BB4D2677F2D3D932146FABD9B36FFC3C04DEC72DDD4C73EEAAF9509DEC4EE7FFED5D56EF307BABB0FB3CDDFC44EA467BC44FA89288CF4BFD8F3CC86B7976C787BF1B5B264D0D3B6DCD38D6F2FDED8B6383ED8D0B638F7340EBC3AFEB557DB1617CE278CB366CFC2F0169B366D1A12E9A14437DAEF19B899DC08F7D71DEEB2F6B8B312A3FB8DAEA58F4DFA45070BAE9DC05FF461F2C70BAEF7AB9F33C67E86A7C77ECF0D0FD6481A300562450BDBE283ED6FE6EBDAD66DF71FEAA8CBDDEB71E0D68F1D4797E56F03191F0F7BB7C8F86AFEEE928706EE19196F39196698AF65EBD7D7EFDCB973EFDEBD4E87198BB245FAB15D483F6BD0C6482BFDB415237D4FF7E9BB3FF2EF43E4DE36BF66C8FDE457DF336762DDDD17CE24B6F687B758BF6E9DEEF1182F917E22F291FE73777FE4A5CDF37251BC6DC9D57CDE16837A48E931DB2FB916E697C457E3E3AB79FE5A86DF782DED5F1DE7EAB48B5F7C635E788B10E9F7EDDB27D25346A3EEF78CD699FCD0483F4CABC528ADF445B79D1FBCDB3474CED75BFE87F924571BED6FD4FA3143F67B240D9802A1A285ADF0850B177A7A7ADE3EB0235FD7B66D9F77F4F8B263C7971D39BE325F3ADFC995F0A0E5CD878754B4FCAB47DF59917F1C260F952ECC2A5FCB5E7F7DF9B66DDB5A5A5ADADADA745A311637CDAE0D3FF8AD9DBD650CCF9559E29266BDBE678A7813BB90AE1FFACCE742EA5EF8E53B7A763485F2CB82BFF306CE991F7B59FED56FF434ED18284DF1C1822FDE16863FF0A94F6FDEBCD94DEC182F917E22F291FE0BDFF8F5C796FF5D3C67BEA13D7F3AFDD5D3E6E359F79BDAAF9F759F1F61D3F5D1E208F9F262C18317C3CCC35B88F4949DFD9E6946D280291076ACAF5CB9120F9F9D3A756A7FEBB67C5DDBD53C2FD697AE13ABF3E59D13ABDF3DF18B7DFB7E3CA4A2BD53304E1CED78E78A50C24C86D4B2B067FFF6DB6F1F3B76CCAD25C6E2D6B9F5E1077FE3FE13996F7A26BB84C5FCF0DD8BB25EDF3348EC187BD5A34F84D4FD8DDFF8ED538D5BCFEFDD5B58DAEB577CEBA39F18639E7FF4BFFDE1F93D83260F33FCFAAF7D3CBCF4F437BE1B22FD9E3D7B8E1E3D1A23BD2ACF5888F413918FF47F7DFF27BE53F37F17F68AD77878502779C30F197D784109330F6FE1C47BCACE7ECF342369C0140815ED5FFFF55FC357FDE2C58BBDBDBDE1CBDFBA6F6BBEAE35EF7AE89D815A73BA7BC3C9D3D7CB81FD4F0EA96885AF8691E35461F2E25A76E0C081B0671FDE28BC5D78D3F0D6EE653B8A3F7B6A5DF8CD7F6AE381CC373D935AB61DEC0E8B79F3BD2F65BDBE679050EF2E5DBA74A2B333E4F910BCEBFEEE1FFB0F1E1C523A7EBEEABE4F7CEA86793ED7C8DFFCE690696B6FBB2B1E2C58BB6AD5F6EDDBC36E7F6767E7D9B367C39BAAF28C85483F11F9487F4FCDFFF33773FE63FEF675F10E763BF3F7B1CB3F3E7E7DF8CEA1A3BDB633577E3EB40C4C12661EDEA2B87B3C2891FD9E6946D280A911EB5AD81687AF7DD8E11E52D776BFF9C8A9EED74339D3B3255FDEDEFF54612D7BFEA9DF2A7C358E1F261CA59685370A6F17DE34BCB5537047F1F8FA7DE137FF0B4FAECB7CEB33A9E59EE54D6131EFAC6DC87A7DCF2031D2F79DED7DF9870F86ECFDB57FFB9B47D7AEBF72F4E890727EEFDE51EE691702FFB6F935C5538559C58EF16AEEFAC7CD9B3717F68D27D2334622FD44E46F62F7FC9AFBFEE4EBFFDBC6FD4B5ADE5DDFF2EEEB85654FC1DF6BAFAEDF931FA16BFDF549BA064AFE71183E306453EB9230F345AF7DAFF49BD8C110F67BA61F490326554B4B4B6363E392254B162E5C5835E0D1471F1DA6AEEDFEF1999E8DA1F4F46E0BA5F7DCD6507637CFDBDAF0B558DADA9ECF0DECDD1EFE9E3EB3319430895A5616074FF686DFFC0F7DE5E98E937D996F8026AFDC32675958CC9FBD7534EBF53D83E42FA73FF9EEBBF15673F7DDF27BE7F7EC2DCEE731D8AF9FFB50ED6D773DF699CFC51272FEAE67170F3FF29EBDB16DFF9E9B3FB97EDDBAEDDBB7179E75EF427AC648A49F8878454DD8D0B6B7B7FFD57DBF3DEFF9FFF7EDEEC6B74F5F2BDD57CB81D305030B5F2D7A1AC73C50F0521812661B66FEDA6BAF85AD7B78A3F076AEA8A15CECF74C4B3748F5654A1ACF3DF7DCBA75EB240D668E1FFDE847436E0D3B67CE9C071E782024FC61EBDA5B6F3D76E6EC1BA19C3DDF14CBF96B7FCF5F7B1C4ACF2F378771C2C8F27C197DF6276BC2CFFEDF2F69CC7C033449E5B92DED61016F9A5D7BA1DF0EE1D4899BD74B972E852AB9B7715B3CFDFEA1CF7CEEF2E1C3C306F5319630F98F3EFD87F194FB15CFD6C68EF1C23E7F575757FEAC7B159FB110E9272254B0B0893D7DFA74474747D5E2BFFCF2F7FE8FC3BD6F1E39DB7CA4F7CDC3E1EFD9E6C367DFCC3DCE956B4F075EBD3A300CE98D2537E4EA84B9076FC6390CCCE4CD30DB30F3B56BD7EEDCB933F67B19DED4E937948BFD9E6969F4545F96A4B16FDFBEBABABA1FFFF8C76FBDF596A4C14C1036C4F7DF7F7F3ECF87C74B962CD9B469D318EB5ABE66153E3E23CF4F8E9D87BBE301EB6D07BB33DF0C95BD74F5F4C73E5F1F5FBF2FEB353DE3846A78F9F2E5BEBEBEB043BEE5C565F18676D57FF0F9F37B876FABBF610913C62EF4C3ACEAAAAA439E8F57D1E79BE8C3DBD9ED678C44FA8988F78B0ADBDAE3C78FB7B4ECFEEBFB3F11B2F73B175ABB2EB4E6FFBE73F5F1FEAB4FFBF6C797BAAE8EB0FFDAE3FDD7C78903FB72C3C30CC36C57AC7C35EC34ECD9B327BC5178BBF0A6EA36E562BF67BA1A7BAA2F2569841FA5906A162C5870E8D0A1AC971826DD830F3E986F9F7FFDF5D7972E5DFAC118EA5AEEE8D82F379F1F7CEC2C57CBCEBE115E92E727C9979ED9107EFC3FF6ED25D3EC34B433BD576655AD0C8B76EBDC7ADF88A9976FA83F77EEDCC9932737BCF0624CF5F77DE2539D1B1BC69BE7C324F7DCFCC97C9E0F7BFBF194FB8E8E8E30F3FC55F4EA3E6324D24F44BCA2E6FCF9F3A1D6B5B5B5FD74C5EC2FFED34737B62C3ED57FB0FBF2A153FD87BA43B97C30F7B7FFE0A9CBF1F1C1DCDFCB07AFBEDA7FE8D4C098B949E2C8B97268A01CDCB8677198E153AFCE5EBD7A75A8E1E12DC21BC50BE9D56DCAC87ECF74356549230C5934A0ABAB2BEB85864911BEEA8D8D8D555555B1A17ECD9A35E10B9FEFD7662C47D0429D2A3C76168FA9C9F393A7AFFF4ABCABCBCDF7BED47CB827F34D52594A574F7FDCAEDD34BBF6E0C9DEACD7F10C15F7FF63653F71E24448F5F10CFCAFFDDBDF5CF8E53B46BAB47E48E9DDDD12468EFDE185C90BF37CEC152F5FFDD57DC64EA49FA078A0AEA7A7E7D8B1632D2D2DDF5FF0F9BB7E74EB898B6FF75C395A62093309B30A335CB16245A8E461E6E12DC21BE9F492B2B3DF338D4D65D2E8E8E8A8A9A9A9ABAB0BBF54D92E359457D804CF9F3F7FD5AA55E16BFFECB3CF2E1870EEDCB9C271C655D7E4F9A9D17EA2F7961F2C8B37317D6CEDBECC374C2596977674C4F3CEC2E2EC3CD29DF5DA9DB962658FA7DF87ED5D5757D7AE0D9BEEBBE5F76287F65FFFB58F2FF8E26DBB9E5DDC7FF06071920F03C34B618478FFF9D8BCBFE2D9DAC23C1F6618669B3FE55EF567EC44FA092A6CA80F95B0A9A969F6A3FFED5B8F7D66B8547F645C793ECC24CC6AF9F2E5EBD6AD0BB30D33D744CFE4B1DF338D4D71D2686D6DADAEAEAEAFAF1F12782045F140D5D2A54BF307AAC2173B7CC3873D21658C75CDF9F653A9EFD2952F0CDCAE351EB6BE677953725799B576F63EB8FAADD8CF6B2861633D938F535788E2547F60FFFE977FF8E0B73EFA89FCCDEA42689FF3C9DF7FE8339F5BF8E53B42090FC2D37C928F8DF34F7FE3BBEBD7AD8BB7AC93E7299D483F71F9AE2F3B3B3BC3BE6CC3F6B5218ADFF5A35B1BF6BD3891F6F9F78E8609C3E46126FFF2DA8B6BD6ACD9BA756B986D9879BED3CBAC9798E9C97ECF3436F549A3B9B939C49ED8AA39954B0AE512BEEDB5B5B5E3BD9C642C57BBC8F3532CACC295BB8F86ED5ADC34C4120FFB567829FECC0FFDE22DDF880A3124D59F3871E2F0E1C36FEDDA5557551DD27B3CA37ED8125EFAD1A7FFF0B9EFDEBF76D5AAD8195EA8FE61573F4C1E6622CF530A917EE26243FD850B17CE9C391336C67BF7EEDDB265CBFD0B3EFFC57FFA6875DDEDE38DF46192306198FC95575E59BD7A7598559861986D9879780B4DF44C2AFB3DD3D8D4278D78ED7108F6EBD7AF17EC49C8B973E756AE5C397FFEFCB6B6B6094C7EC3BA26CF6722ACCB65BB3AEEAC6D4862A356583E7CF7A22F2FDCF0C2D6F61975DF962414A6FA50734F9E3C196A717B7BFB9E3D7B76346E5DFBC28BAF3CF64488EEF9129EAE78B63636CB871162988F8DF361C2307998893C4F2944FA92E4EB737777F791234742E50C51FCE995DFFC9B39BFF397F7DEFCE88B771C38B165F4241F4608A38591C3240B567C73F9F2E56BD6AC093309B30A330CB375130BA68CFD9EE92A93A4112609913EA4A310EFF37D8941658A5FD7EAEAEA1D3B7694329FD1EB5ABE96AD5F5F2FCF43D2F2A93ED4DC73E7CE9D3E7DFAC4891331D81FD8BF3FECC6EF1EB0AB401C125E0A23C4301F26091386C9C34CE4794A21D29724D6E7FEFEFE501BC3263984F0BD7BF76EDDBA75DDEB6BAB5FBCE3AFEFFFC49FCEBEE96FE7FEE77F7EFE7F2DDB54B5ABE3B577CEB786121E84A7616078298C10460B232F7B65E98A152BD6AD5B17260F3309B30A330CB38D37AE53C38152649534C28FD8AA55AB42B06F6E6E9E8CE582D235363686AF6888F46539F634525D0BF52B964D1B57ECDCB9B3A5A5E5EDB7DF96E7215DF9CA7EE9D2A5BEBEBE7CB0EFECEC0C55FBF0E1C31D1D1DED05C2D33030BC144688613E36CE87C9557F4A24D297AA30D5777777878ADADADADAD4D4B469D3A6D5AB572F59FBC3394FFFE99D0FFCA73FFFD66FFC8FAF7DE48FFEE15743090FC2D33030BC144658B66C5908F361E4304998304C1E66126625CF03659461D2E8E9E9A9AFAF0FA929FCBE957189A044B14FC755AB5695B74FC7E2BAB6BF75DBEE373735ED58B77DFB2F4215DBBB776F5B5BDBB163C7E47948DAFB038604FB50A9CF9C391312FBC9012706C4C7616078298C10461B12E6557F4A21D297413ED587CA192A6A6767677B7B7BD8666FDFBE3DA4F4B56BD7BEF6DA6B2B57AE0CB9FDD5575FFD9701E141781A068697C208F10E1661923061983CCC24CC4A9E07CA2BDBA411E6595757B760C1828E8E8ED2E706A5085FF2458B164DDE9D170BEB5A6F6F6FF8F2878DFBE1C3870F0E080FC2D33030BC24CF43EA0A83FDE5CB9763B68FCE15C80F0C2384D18479CA48A42F8FFC1535172E5C88FD6484DD85B067BC67CF9E9D3B776EDBB66DF3E6CD0D0D0D9B0A84A7616078298C10468BBBD1B1878C301357D4009321F3A411A3D478BB13877209197E6A0E2D15D6B5B0371FDE37D4ACD85E171E84A7F1025A791EA6877CB00FAE5CB912E3FD10616078298E23CC5346227DD9149E7873FEFCF9B0B50EF9FCF8F1E3F1429A03070EB40ED837203E0E03E3A53561B4307298244CE88A1A60525542D28837FD9EBC365228167B76A8AEAE9EB20B40625D0B7BF0FDFDFD172E5C081FA0774078109E868171E7DEE61EA69FF74790F5E7627A12E9CB6C48B03F7BF6ECE9D3A7E3EE725791B8031DBBC710E68129532149235EC95C5F5F5FDE2B996188B06D6D686888F75F98E2B7CED7B5F019FA0BE41BEB6CF1012891483F29F2C13E6CB62F5EBCD8D7D71712FBB922616078298C10B7EE36EDC094A99CA4D1DCDC1CBB2873137B2643FC82AD5DBBD6170C806949A49F4443AEA81956E11535597F5E806C841FC3C6C6C690BBD6AF5F2F77512E6D6D6D3535354E0301607A13E901A80821CC87481FCF8E2ECB1DC299B1BABABA162D5A545B5BAB174600A63D911E800A12FB300BC1BEB9B939EBCF427AC2F7A7BEBEBEA6A6C6BD12019821447A002A4E4F4F4F086621D84F59E7E4A4EEE2C58B6BD7AEADAEAE763008801945A407A0429D3A756A6A6E214ED2F27D31343434B86403809946A407A0A21D3B766CD100D74553ACA5A565FEFCF9EE9800C08C25D20390808E8E8E9A9A9ABABABA9E9E9EAC3F0B15217C25162C58B074E9525F09006632911E8064B4B6B6565757BB2DD90C17AFC858B468D1B163C7B2FE2C009031911E80C43437378760EF5CEB19E8DCB9732B57AED46F2200E489F400A427DF23DAFAF5EB05FB9920FCC7C3FF3AFCC777ECD891F56701800A22D20390AA10E643CC9B3F7F7E88F7BA3A9FC6428C8F876FFC97016008911E80B49D3B776ED5AA5521D8BB21F9F4D3DADA1AFEB32B57AED47B02000C4BA407A00CF62FBF6F584FBCD19D1FA7FB8D27EE5BBE7F923E404F4F4F7D7DBDABACA78D78F3C2BABABA53A74E65FD5900A07289F40094CF70A93DA4FD18EC0B5E1CE90840A189A4FFD817FA82050B3A3A3A4A5E18B2D1D3D3B374E952FF4400180B911E8072B99ED90BA3FD70917E72C506DEA0ABAB6B0ADE8E72B978F162BC86A2A5A525EBCF02006910E901288F7C741F703DBF4F7DA48F3A3A3A6A6A6AEAEAEA7A7A7AA6EC4D9998F7DE7BAFA1A1A1BABA5A4F8700302E223D00E530FCA9F4B9049F55A48F5A5B5B4350ACAFAFD7BF5AC56A6E6E0EFFA3B56BD78E743FC2CC7B6A00808A25D203305942120B212BDB481FC5D0B86AD52A37B1AF18E3EF4F61AC3D3500C00C22D203505645D1AA4242D77BEFBDD7D8D8186F6F2ED867AEABABABB6B6763CFD1D544A4F0D005051447A00CA2017A8466866ADA8D015C27C88F4F3E7CF77CD7656CE9D3B575F5F5F5353D3D6D636F6A92AADA70600A810223D006555A9ADF48542AA8C3DAB37373767FD5966908B172FAE5DBBB6BABA7ADCABBD527B6A0080CC89F40094550A913EEAE9E9A9AFAF0FC1BEB5B535EBCF32FD3536368655DDD0D050AE93232AA7A70600C890480F40598D1CAD2A33749D3A75AAAEAE6EC182051D1D1D597F96E929DE7460D5AA5565B8E9403A078C00606A88F40094D5E0ABEA87BBCDD858BA3A1FAEC3F3C974ECD8B145030A7B6B3B7EFCF8C2850BF5A537611D1D1D0B162CA8ABABEBE9E929653EA9F4D40000534FA407A00C0A3257618A1F5010E12B3C7385085A5353938FA08F3CF2C8F7BFFFFD104A75A4375E610586D5B868D1A263C78E9573BE5AE9016030911E000689278AFFF4A73F8D8721E6CE9DBB6CD9B2AC3F543262D78361054E4A0F05223D000C26D203C050172F5EBCFFFEFBF327173CF8E0839B376FCEFA4355BAF7DE7B2F7F83C0C97A8FD47A6A0080C926D203C050757575432EDB0EA97E5CF7519F6976ECD8515D5D1D22FD18BB1E98607F0A37EEA901006616911E00867AFCF1C71F79E4919A9A9A850B173EF6D8635555552140CE9B37EFDD77DFCDFAA355A2458B16AD5CB9B20C1DDA0FAF7B7AF4D400009341A40780A17A7A7A3A3A3A9A9B9BD7AF5F5F5F5F1F22EBC30F3F1CAFABCFFAA301005C27D20300004092447A0000004892480F0000004912E90100002049223D004C8AF7DFFFE067BB8F7EAFBE6956D5CA507EE5CEA72ABCDC3AB73E7CCEAFD635BEB0B5BDAFFF4AD6EB0F00B831911E00CAECF4F9FE6F2EDDFEE1BB17659ED24B295F5AB8A1FD446FD6EB1200188D480F00E554BBB5FDA6D9B53115DF3267D93DCB9B56B7BC13CA99DE2B172E7E50C9257ECE0757BF953FA7E0435F79FA7BF54DEFBF9FF53A05004620D203407984E8FBD5BAC618863FF3E86BCD877B324FE9132EAD9DBD5F78725D5C96CFFE64CDE9F3FD59AF5D006018223D009447CCF31FFACAD38FADDD9779262F57BB7DBC7C6056D54A6DF5005081447A002883DAADED31CF87189C79142F63693EDC13AF23F8E6D2ED59AF63006028911E004A75FC4C5FCCBD4F6D3C9079082F7BD9B8FFC487BEF27458BA9D87BBB35ED300C020223D00942A9E72FFD9C7D7641EBF27A9DCB3BC299E7E9FF59A06000611E901A0247DFD57622376D2FDE18D5ECEF45E89A721EC3AA2A11E002A88480F002559B6B323B660671EBC27B5DCFE7C4358CC7BFFA529EBF50D005C27D2034049EEACCD65DD392B9B334FDD935A5EDD75342CE6EFFE6059D6EB1B00B84EA4078092CCAA5A19B2EE34EBE8BEB874F5F487C5BC69766DD6EB1B00B84EA40780927CECDB4B42D66DEDECCD3C754F76895D0664BDBE0180EB447A00284948B9A19CE9BD9279E416E90160A611E901A02431D24F3827B72FB973D6BCADB9C70D55B366556D1AC3249BE6CDBA7D49E7D447FAB8A459AF6F00E03A911E004A5252A43FF4F2EDB3EE5C7CE87A56BF1AEF271EE9B7CE9D7543633A7020D20340E513E901A0242544FA5CFC9EDB3074C8A0B89E6BBA1FA3EB8706B4D203C00C21D2034049261AE98BD2FB0D868FB1955EA407801944A40780924C24D20FB4BD0F6E9F2F2C9D8BEF18EDF478911E0088447A0028C9B823FDE0EBE7C710FB6F7479FC1D2FB78BF400302389F4005092099E783FEA45F2C334C287F18789EEB9F6FC296BB117E901A0D288F4005092126F62577416FD8829BDF87CFBDC0DF026DA7DBD480F00D380480F0025292DD2E702FCE08BEA476978DF3AB7E08CFD813C3FE9BDDC8BF40050C9447A002849C9F7A51FD2CC5E7C67BB615ECDDDC17E6AF3BC480F001548A407809294785FFAA206F9D1237D6C9C9FBA2EF1447A00A864223D00946482913ED73E3F6BD6BCAD4387E7BACD1BAEF93DDF9D5E0CF371F2A147046ED437FE7513B9025FA407804A23D2034049C61FE98B6E3B7F2D9F0FD3DD7D3EC91787FFC246FB5953711EBE480F009546A4078092DC34BB3604DDD6CEDE498DD39550E29266BDBE0180EB447A0028C9AD73EB43D0DDB8FF44E6917BB24B58CC0FDFBD28EBF50D005C27D2034049FEECA97521EB3EB5F140E6917B52CBB683DD61316FBEF7A5ACD73700709D480F0025797CFDBE9075BFF0E4BACC53F7A4967B963785C5BCB3B621EBF50D005C27D20340490E9EEC0D59F7435F79BAE3645FE6C17BF2CA2D739685C5FCD95B47B35EDF00C075223D0094EAB33F5913E2EEDF2F69CC3C784F52796E4B7B58C09B66D75EE8BF92F5CA0600AE13E901A0543B0F77C786FA6D07BB338FDF652F5D3DFDB1AFFBC7D7EFCB7A4D03008388F40050065F7A664308BD1FFBF6926976FAFD99DE2BB3AA568645BB756EFDFBEF67BD960180C1447A002883BEFE2BF16E7637DFFB52F3E19ECCA378594A574F7FCCF337CDAE3D78B237EB750C000C25D2034079B49FE8BDE507CBE2CDDB1F5BBB2FF3405E62796947473CDF3E2CCECE23DD59AF5D006018223D00944DDFA52B5F18B84D7D6CAEBF6779537257D7B776F63EB8FAADD8BF7D28B7FC6099F67900A858223D0094D3FBEF7FB072F7D190E763248E253677577829FECC0FFDE22DD7CF03402513E901A0FC42125EB6ABE3CEDA8624C27C61F9F0DD8BBEBC70C30B5BDBDDAF0E002A9F480F0000004912E90100002049223D0000002449A4070000802489F40000009024911E0000009224D20300004092447A0000004892480F0000004912E90100002049223D0000002449A4070000802489F40000009024911E0000009224D20300004092447A0000004892480F0000004912E90100002049223D0000002449A4070000802489F40000009024911E0000009224D20300004092447A0000004892480F0000004912E90100002049223D0000002449A4070000802489F40000009024911E0000009224D20300004092447A0000004892480F0000004912E90100002049223D0000002449A4070000802489F40000009024911E0000009224D20300004092447A0000004892480F0000004912E90100002049223D0000002449A4070000802489F40000009024911E0000009224D20300004092447A0000004892480F0000004912E90100002049223D0000002449A4070000802489F40000009024911E0000009224D20300004092447A0000004892480F0000004912E90100002049223D0000002449A4070000802489F40000009024911E0000009224D20300004092447A0000004892480F0000004912E90100002049223D0000002449A4070000802489F40000009024911E0000009224D20300004092447A0000004892480F0000004912E90100002049223D0000002449A4070000802489F40000009024911E0000009224D20300004092447A0000004892480F0000004912E90100002049223D0000002449A4070000802489F40000009024911E0000009224D20300004092447A0000004892480F0000004912E90100002049223D0000002449A4070000802489F40000009024911E0000009224D20300004092447A0000004892480F0000004912E90100002049223D0000002449A4070000802489F40000009024911E0000009224D20300004092447A0000004892480F0000004912E90100002049223D0000002449A4070000802489F40000009024911E0000009224D20300004092447A0000004892480F0000004912E90100002049223D0000002449A4070000802489F40000009024911E0000009224D20300004092447A0000004892480F0000004912E90100002049223D0000002449A4070000802489F40000009024911E0000009224D20300004092447A0000004892480F0000004912E90100002049223D0000002449A4070000802489F40000009024911E0000009224D20300004092447A0000004892480F0000004912E90100002049223D0000002449A4070000802489F40000009024911E0000009224D20300004092447A0000004892480F0000004912E90100002049223D0000002449A4070000802489F40000009024911E0000009224D20300004092447A0000004892480F0000004912E90100002049223D0000002449A4070000802489F40000009024911E0000009224D20300004092447A0000004892480F0000004912E90100002049223D0000002449A4070000802489F40000009024911E0000009224D20300004092447A0000004892480F0000004912E90100002049223D0000002449A4070000802489F40000009024911E0000009224D20300004092447A0000004892480F0000004912E90100002049223D0000002449A4070000802489F40000009024911E0000009224D20300004092447A0000004892480F0000004912E90100002049223D0000002449A4070000802489F40000009024911E0000009224D20300004092447A0000004892480F0000004912E90100002049223D0000002449A4070000802489F40000009024911E0000009224D20300004092447A0000004892480F0000004912E90100002049223D0000002449A4070000802489F40000009024911E0000009224D20300004092447A0000004892480F0000004912E90100002049223D0000002449A4070000802489F40000009024911E0000009224D20300004092447A0000004892480F0000004912E90100002049223D0000002449A4070000802489F40000009024911E0000009224D20300004092447A0000004892480F0000004912E90100002049223D0000002449A4070000802489F40000009024911E0000009224D20300004092447A0000004892480F0000004912E90100002049223D0000002449A4070000802489F40000009024911E0000009224D20300004092447A0000004892480F0000004912E90100002049223D0000002449A4070000802489F40000009024911E0000009224D20300004092447A0000004892480F0000004912E90100002049223D0000002449A4070000802489F40000009024911E0000009224D20300004092447A0000004892480F0000004912E90100002049223D0000002449A4070000802489F40000009024911E0000009224D20300004092447A0000004892480F0000004912E90100002049223D0000002449A4070000802489F40000009024911E0000009224D20300004092447A0000004892480F0000004912E90100002049223D0000002449A4070000802489F40000009024911E0000009224D20300004092447A0000004892480F0000004912E90100002049223D0000002449A4070000802489F40000009024911E0000009224D20300004092447A0000004892480F0000004912E90100002049223D0000002449A4070000802489F40000009024911E0000009224D20300004092447A0000004892480F0000004912E90100002049223D0000002449A4070000802489F40000009024911E0000009224D20300004092447A0000004892480F0000004912E90100002049223D0000002449A4070000802489F40000009024911E0000009224D20300004092447A0000004892480F0000004912E90100002049223D0000002449A4070000802489F40000F0FFB75F07240000000082FEBF6E47A02F0458527A00000058527A00000058527A00000058527A00000058527A00000058527A00000058527A00000058527A00000058527A00000058527A00000058527A00000058527A00000058527A00000058527A00000058527A00000058527A00000058527A00000058527A00000058527A00000058527A00000058527A00000058527A00000058527A00000058527A00000058527A00000058527A00000058527A00000058527A00000058527A00000058527A00000058527A00000058527A00000058527A00000058527A00000058527A00000058527A00000058527A00000058527A00000058527A00000058527A00000058527A00000058527A00000058527A00000058527A00000058527A00000058527A00000058527A00000058527A00000058527A00000058527A00000058527A00000058527A00000058527A00000058527A00000058527A000000580AD6F4A24E2B43E3F20000000049454E44AE426082, '1', 'test.png');

-- ----------------------------
-- Table structure for jbpm4_participation
-- ----------------------------
DROP TABLE IF EXISTS `jbpm4_participation`;
CREATE TABLE `jbpm4_participation` (
  `dbid_` decimal(19,0) NOT NULL,
  `dbversion_` decimal(10,0) NOT NULL,
  `groupid_` varchar(255) DEFAULT NULL,
  `userid_` varchar(255) DEFAULT NULL,
  `type_` varchar(255) DEFAULT NULL,
  `task_` decimal(19,0) DEFAULT NULL,
  `swimlane_` decimal(19,0) DEFAULT NULL,
  PRIMARY KEY (`dbid_`),
  KEY `FK_PART_SWIMLANE` (`swimlane_`),
  KEY `FK_PART_TASK` (`task_`),
  CONSTRAINT `FK_PART_TASK` FOREIGN KEY (`task_`) REFERENCES `jbpm4_task` (`dbid_`),
  CONSTRAINT `FK_PART_SWIMLANE` FOREIGN KEY (`swimlane_`) REFERENCES `jbpm4_swimlane` (`dbid_`)
) ENGINE=InnoDB DEFAULT CHARSET=utf8;

-- ----------------------------
-- Records of jbpm4_participation
-- ----------------------------

-- ----------------------------
-- Table structure for jbpm4_property
-- ----------------------------
DROP TABLE IF EXISTS `jbpm4_property`;
CREATE TABLE `jbpm4_property` (
  `key_` varchar(255) NOT NULL,
  `version_` decimal(10,0) NOT NULL,
  `value_` varchar(255) DEFAULT NULL,
  PRIMARY KEY (`key_`)
) ENGINE=InnoDB DEFAULT CHARSET=utf8;

-- ----------------------------
-- Records of jbpm4_property
-- ----------------------------
INSERT INTO `jbpm4_property` VALUES ('next.dbid', '1', '10001');

-- ----------------------------
-- Table structure for jbpm4_swimlane
-- ----------------------------
DROP TABLE IF EXISTS `jbpm4_swimlane`;
CREATE TABLE `jbpm4_swimlane` (
  `dbid_` decimal(19,0) NOT NULL,
  `dbversion_` decimal(10,0) NOT NULL,
  `name_` varchar(255) DEFAULT NULL,
  `assignee_` varchar(255) DEFAULT NULL,
  `execution_` decimal(19,0) DEFAULT NULL,
  PRIMARY KEY (`dbid_`),
  KEY `FK_SWIMLANE_EXEC` (`execution_`),
  CONSTRAINT `FK_SWIMLANE_EXEC` FOREIGN KEY (`execution_`) REFERENCES `jbpm4_execution` (`dbid_`)
) ENGINE=InnoDB DEFAULT CHARSET=utf8;

-- ----------------------------
-- Records of jbpm4_swimlane
-- ----------------------------

-- ----------------------------
-- Table structure for jbpm4_task
-- ----------------------------
DROP TABLE IF EXISTS `jbpm4_task`;
CREATE TABLE `jbpm4_task` (
  `dbid_` decimal(19,0) NOT NULL,
  `class_` char(1) NOT NULL,
  `dbversion_` decimal(10,0) NOT NULL,
  `name_` varchar(255) DEFAULT NULL,
  `descr_` varchar(255) DEFAULT NULL,
  `state_` varchar(255) DEFAULT NULL,
  `susphiststate_` varchar(255) DEFAULT NULL,
  `assignee_` varchar(255) DEFAULT NULL,
  `form_` varchar(255) DEFAULT NULL,
  `priority_` decimal(10,0) DEFAULT NULL,
  `create_` date DEFAULT NULL,
  `duedate_` date DEFAULT NULL,
  `progress_` decimal(10,0) DEFAULT NULL,
  `signalling_` decimal(1,0) DEFAULT NULL,
  `execution_id_` varchar(255) DEFAULT NULL,
  `activity_name_` varchar(255) DEFAULT NULL,
  `hasvars_` decimal(1,0) DEFAULT NULL,
  `supertask_` decimal(19,0) DEFAULT NULL,
  `execution_` decimal(19,0) DEFAULT NULL,
  `procinst_` decimal(19,0) DEFAULT NULL,
  `swimlane_` decimal(19,0) DEFAULT NULL,
  `taskdefname_` varchar(255) DEFAULT NULL,
  PRIMARY KEY (`dbid_`),
  KEY `dbid_` (`dbid_`),
  KEY `FK_TASK_SUPERTASK` (`supertask_`),
  KEY `FK_TASK_SWIML` (`swimlane_`),
  CONSTRAINT `FK_TASK_SWIML` FOREIGN KEY (`swimlane_`) REFERENCES `jbpm4_swimlane` (`dbid_`),
  CONSTRAINT `FK_TASK_SUPERTASK` FOREIGN KEY (`supertask_`) REFERENCES `jbpm4_task` (`dbid_`)
) ENGINE=InnoDB DEFAULT CHARSET=utf8;

-- ----------------------------
-- Records of jbpm4_task
-- ----------------------------
INSERT INTO `jbpm4_task` VALUES ('17', 'T', '1', '节点一', 'testuser发起【测试流程】等待您的处理!', 'open', null, '1', '/task/testjbpm/jdy', '0', '2017-09-24', null, null, '1', 'test.TEST_JBPM.ID.4', '节点一', '0', null, '14', '14', null, '节点一');

-- ----------------------------
-- Table structure for jbpm4_variable
-- ----------------------------
DROP TABLE IF EXISTS `jbpm4_variable`;
CREATE TABLE `jbpm4_variable` (
  `dbid_` decimal(19,0) NOT NULL,
  `class_` varchar(255) NOT NULL,
  `dbversion_` decimal(10,0) NOT NULL,
  `key_` varchar(255) DEFAULT NULL,
  `converter_` varchar(255) DEFAULT NULL,
  `hist_` decimal(1,0) DEFAULT NULL,
  `execution_` decimal(19,0) DEFAULT NULL,
  `task_` decimal(19,0) DEFAULT NULL,
  `lob_` decimal(19,0) DEFAULT NULL,
  `date_value_` date DEFAULT NULL,
  `double_value_` float DEFAULT NULL,
  `classname_` varchar(255) DEFAULT NULL,
  `long_value_` decimal(19,0) DEFAULT NULL,
  `string_value_` varchar(255) DEFAULT NULL,
  `text_value_` varchar(255) DEFAULT NULL,
  `exesys_` decimal(19,0) DEFAULT NULL,
  PRIMARY KEY (`dbid_`),
  KEY `FK_VAR_EXECUTION` (`execution_`),
  KEY `FK_VAR_EXESYS` (`exesys_`),
  KEY `FK_VAR_LOB` (`lob_`),
  KEY `FK_VAR_TASK` (`task_`),
  CONSTRAINT `FK_VAR_TASK` FOREIGN KEY (`task_`) REFERENCES `jbpm4_task` (`dbid_`),
  CONSTRAINT `FK_VAR_EXECUTION` FOREIGN KEY (`execution_`) REFERENCES `jbpm4_execution` (`dbid_`),
  CONSTRAINT `FK_VAR_EXESYS` FOREIGN KEY (`exesys_`) REFERENCES `jbpm4_execution` (`dbid_`),
  CONSTRAINT `FK_VAR_LOB` FOREIGN KEY (`lob_`) REFERENCES `jbpm4_lob` (`dbid_`)
) ENGINE=InnoDB DEFAULT CHARSET=utf8;

-- ----------------------------
-- Records of jbpm4_variable
-- ----------------------------
INSERT INTO `jbpm4_variable` VALUES ('15', 'string', '0', 'start_user', null, '0', '14', null, null, null, null, null, null, '1', null, null);
INSERT INTO `jbpm4_variable` VALUES ('16', 'string', '0', 'task_info', null, '0', '14', null, null, null, null, null, null, '测试流程', null, null);

-- ----------------------------
-- Table structure for r_role_menu
-- ----------------------------
DROP TABLE IF EXISTS `r_role_menu`;
CREATE TABLE `r_role_menu` (
  `MENU_ID` int(11) NOT NULL,
  `ROLE_ID` int(11) NOT NULL
) ENGINE=InnoDB DEFAULT CHARSET=utf8;

-- ----------------------------
-- Records of r_role_menu
-- ----------------------------
INSERT INTO `r_role_menu` VALUES ('2', '0');
INSERT INTO `r_role_menu` VALUES ('3', '0');
INSERT INTO `r_role_menu` VALUES ('30104', '0');
INSERT INTO `r_role_menu` VALUES ('30104', '1');
INSERT INTO `r_role_menu` VALUES ('30104', '2');
INSERT INTO `r_role_menu` VALUES ('30105', '0');
INSERT INTO `r_role_menu` VALUES ('30105', '1');
INSERT INTO `r_role_menu` VALUES ('30105', '2');
INSERT INTO `r_role_menu` VALUES ('1', '0');
INSERT INTO `r_role_menu` VALUES ('10000', '0');
INSERT INTO `r_role_menu` VALUES ('10000', '1');
INSERT INTO `r_role_menu` VALUES ('10000', '2');

-- ----------------------------
-- Table structure for r_role_user
-- ----------------------------
DROP TABLE IF EXISTS `r_role_user`;
CREATE TABLE `r_role_user` (
  `USER_ID` int(11) NOT NULL,
  `ROLE_ID` int(11) NOT NULL
) ENGINE=InnoDB DEFAULT CHARSET=utf8;

-- ----------------------------
-- Records of r_role_user
-- ----------------------------
INSERT INTO `r_role_user` VALUES ('1', '0');

-- ----------------------------
-- Table structure for test_jbpm
-- ----------------------------
DROP TABLE IF EXISTS `test_jbpm`;
CREATE TABLE `test_jbpm` (
  `id` int(11) NOT NULL AUTO_INCREMENT,
  `message` varchar(255) DEFAULT NULL,
  `remark` varchar(255) DEFAULT NULL,
  `SPZT` varchar(255) DEFAULT NULL,
  PRIMARY KEY (`id`)
) ENGINE=InnoDB AUTO_INCREMENT=5 DEFAULT CHARSET=utf8;

-- ----------------------------
-- Records of test_jbpm
-- ----------------------------
INSERT INTO `test_jbpm` VALUES ('4', null, null, '232');

-- ----------------------------
-- Table structure for t_gy_excel
-- ----------------------------
DROP TABLE IF EXISTS `t_gy_excel`;
CREATE TABLE `t_gy_excel` (
  `EXCEL_FILE_ID` int(11) NOT NULL AUTO_INCREMENT,
  `YW_ID` int(11) NOT NULL,
  `YW_TABLE_NAME` varchar(255) DEFAULT NULL,
  `YW_TABLE_PK_NAME` varchar(255) DEFAULT NULL,
  `EXCEL_FILE_NAME` varchar(255) DEFAULT NULL,
  `EXCEL_FILE_PATH` varchar(255) DEFAULT NULL,
  `EXCEL_TYPE` varchar(10) DEFAULT NULL,
  `EXCEL_TEMPLATE_NAME` varchar(255) DEFAULT NULL,
  `EXCEL_FILE_LENGTH` int(11) DEFAULT NULL,
  `USER_ID` int(11) DEFAULT NULL,
  `LRSJ` timestamp NOT NULL DEFAULT CURRENT_TIMESTAMP ON UPDATE CURRENT_TIMESTAMP,
  `XH` int(11) NOT NULL,
  PRIMARY KEY (`EXCEL_FILE_ID`)
) ENGINE=InnoDB DEFAULT CHARSET=utf8;

-- ----------------------------
-- Records of t_gy_excel
-- ----------------------------

-- ----------------------------
-- Table structure for t_gy_fj
-- ----------------------------
DROP TABLE IF EXISTS `t_gy_fj`;
CREATE TABLE `t_gy_fj` (
  `FJ_ID` int(11) NOT NULL AUTO_INCREMENT,
  `YW_ID` int(11) NOT NULL,
  `YW_TABLE_NAME` varchar(255) DEFAULT NULL,
  `YW_TABLE_PK_NAME` varchar(255) DEFAULT NULL,
  `FJ_NAME` varchar(255) DEFAULT NULL,
  `FJ_PATH` varchar(255) DEFAULT NULL,
  `FJ_TYPE` varchar(10) DEFAULT NULL,
  `FJ_LENGTH` int(11) DEFAULT NULL,
  `USER_ID` int(11) DEFAULT NULL,
  `LRSJ` timestamp NOT NULL DEFAULT CURRENT_TIMESTAMP ON UPDATE CURRENT_TIMESTAMP,
  PRIMARY KEY (`FJ_ID`)
) ENGINE=InnoDB DEFAULT CHARSET=utf8;

-- ----------------------------
-- Records of t_gy_fj
-- ----------------------------

-- ----------------------------
-- Table structure for t_menu
-- ----------------------------
DROP TABLE IF EXISTS `t_menu`;
CREATE TABLE `t_menu` (
  `menu_id` int(11) NOT NULL AUTO_INCREMENT,
  `parent_menu_id` int(11) DEFAULT NULL,
  `menu_name` varchar(255) DEFAULT NULL,
  `menu_url` varchar(255) DEFAULT NULL,
  `is_leaf` char(1) DEFAULT NULL,
  `yxbz` char(1) DEFAULT 'Y',
  `menu_order` varchar(4) DEFAULT NULL,
  `root_menu_id` int(11) DEFAULT '0',
  PRIMARY KEY (`menu_id`)
) ENGINE=InnoDB AUTO_INCREMENT=30106 DEFAULT CHARSET=utf8;

-- ----------------------------
-- Records of t_menu
-- ----------------------------
INSERT INTO `t_menu` VALUES ('1', '0', '系统管理', '', 'N', 'Y', '2', '0');
INSERT INTO `t_menu` VALUES ('2', '1', '用户管理', '/xtgl/user/userlist', 'Y', 'Y', '1', '1');
INSERT INTO `t_menu` VALUES ('3', '1', '菜单管理', '/xtgl/menu/menulist', 'Y', 'Y', '2', '1');
INSERT INTO `t_menu` VALUES ('10000', '0', '功能模块', '', 'N', 'Y', '1', '0');
INSERT INTO `t_menu` VALUES ('30104', '1', '流程部署', '/workflow/deploymentPage', 'Y', 'Y', '3', '1');
INSERT INTO `t_menu` VALUES ('30105', '10000', '测试流程', '/testJbpm/listPage', 'Y', 'Y', '1', '10000');

-- ----------------------------
-- Table structure for t_role
-- ----------------------------
DROP TABLE IF EXISTS `t_role`;
CREATE TABLE `t_role` (
  `role_id` int(11) NOT NULL,
  `role_name` varchar(255) DEFAULT NULL,
  `role_comment` varchar(1000) DEFAULT NULL,
  PRIMARY KEY (`role_id`)
) ENGINE=InnoDB DEFAULT CHARSET=utf8;

-- ----------------------------
-- Records of t_role
-- ----------------------------
INSERT INTO `t_role` VALUES ('0', '管理员', null);
INSERT INTO `t_role` VALUES ('1', '经理', null);
INSERT INTO `t_role` VALUES ('2', '员工', null);

-- ----------------------------
-- Table structure for t_user
-- ----------------------------
DROP TABLE IF EXISTS `t_user`;
CREATE TABLE `t_user` (
  `user_id` int(11) NOT NULL AUTO_INCREMENT,
  `user_name` varchar(255) DEFAULT NULL,
  `password` varchar(45) DEFAULT '',
  `login_name` varchar(255) DEFAULT NULL,
  `information` varchar(255) DEFAULT NULL,
  `email` varchar(255) DEFAULT NULL,
  `fax` varchar(32) DEFAULT NULL,
  `phone` varchar(32) DEFAULT NULL,
  `email_password` varchar(45) NOT NULL,
  PRIMARY KEY (`user_id`)
) ENGINE=InnoDB AUTO_INCREMENT=2 DEFAULT CHARSET=utf8;

-- ----------------------------
-- Records of t_user
-- ----------------------------
INSERT INTO `t_user` VALUES ('1', 'testuser', 'e10adc3949ba59abbe56e057f20f883e', 't1', null, null, null, null, '');
